Movie_ID,Actor_ID
1,1
760,1
1519,1
2,2
761,2
1520,2
3,3
762,3
1521,3
4,4
763,4
1522,4
5,5
764,5
1523,5
6,6
765,6
1524,6
7,7
766,7
1525,7
8,8
767,8
1526,8
9,9
768,9
1527,9
10,10
769,10
1528,10
11,11
770,11
1529,11
12,12
771,12
1530,12
13,13
772,13
1531,13
14,14
773,14
1532,14
15,15
774,15
1533,15
16,16
775,16
1534,16
17,17
776,17
1535,17
18,18
777,18
1536,18
19,19
778,19
1537,19
20,20
779,20
1538,20
21,21
780,21
1539,21
22,22
781,22
1540,22
23,23
782,23
1541,23
24,24
783,24
1542,24
25,25
784,25
1543,25
26,26
785,26
1544,26
27,27
786,27
1545,27
28,28
787,28
1546,28
29,29
788,29
1547,29
30,30
789,30
1548,30
31,31
790,31
1549,31
32,32
791,32
1550,32
33,33
792,33
1551,33
34,6
793,6
1552,6
35,34
794,34
1553,34
36,35
795,35
1554,35
37,36
796,36
1555,36
38,37
797,37
1556,37
39,38
798,38
1557,38
40,39
799,39
1558,39
41,9
800,9
1559,9
42,40
801,40
1560,40
43,41
802,41
1561,41
44,42
803,42
1562,42
45,43
804,43
1563,43
46,44
805,44
1564,44
47,45
806,45
1565,45
48,46
807,46
1566,46
49,47
808,47
1567,47
50,48
809,48
1568,48
51,49
810,49
1569,49
52,50
811,50
1570,50
53,51
812,51
1571,51
54,52
813,52
1572,52
55,53
814,53
1573,53
56,54
815,54
1574,54
57,55
816,55
1575,55
58,56
817,56
1576,56
59,26
818,26
1577,26
60,57
819,57
1578,57
61,58
820,58
1579,58
62,18
821,18
1580,18
63,59
822,59
1581,59
64,60
823,60
1582,60
65,44
824,44
1583,44
66,61
825,61
1584,61
67,11
826,11
1585,11
68,22
827,22
1586,22
69,62
828,62
1587,62
70,63
829,63
1588,63
71,49
830,49
1589,49
72,64
831,64
1590,64
73,49
832,49
1591,49
74,35
833,35
1592,35
75,65
834,65
1593,65
76,66
835,66
1594,66
77,67
836,67
1595,67
78,68
837,68
1596,68
79,69
838,69
1597,69
80,70
839,70
1598,70
81,71
840,71
1599,71
82,72
841,72
1600,72
83,73
842,73
1601,73
84,62
843,62
1602,62
85,74
844,74
1603,74
86,18
845,18
1604,18
87,75
846,75
1605,75
88,40
847,40
1606,40
89,74
848,74
1607,74
90,76
849,76
1608,76
91,77
850,77
1609,77
92,78
851,78
1610,78
93,35
852,35
1611,35
94,79
853,79
1612,79
95,80
854,80
1613,80
96,81
855,81
1614,81
97,82
856,82
1615,82
98,75
857,75
1616,75
99,83
858,83
1617,83
100,77
859,77
1618,77
101,84
860,84
1619,84
102,85
861,85
1620,85
103,86
862,86
1621,86
104,87
863,87
1622,87
105,88
864,88
1623,88
106,89
865,89
1624,89
107,90
866,90
1625,90
108,91
867,91
1626,91
109,92
868,92
1627,92
110,93
869,93
1628,93
111,94
870,94
1629,94
112,95
871,95
1630,95
113,96
872,96
1631,96
114,97
873,97
1632,97
115,92
874,92
1633,92
116,98
875,98
1634,98
117,44
876,44
1635,44
118,99
877,99
1636,99
119,100
878,100
1637,100
120,101
879,101
1638,101
121,6
880,6
1639,6
122,102
881,102
1640,102
123,103
882,103
1641,103
124,104
883,104
1642,104
125,105
884,105
1643,105
126,106
885,106
1644,106
127,68
886,68
1645,68
128,107
887,107
1646,107
129,108
888,108
1647,108
130,109
889,109
1648,109
131,110
890,110
1649,110
132,111
891,111
1650,111
133,112
892,112
1651,112
134,113
893,113
1652,113
135,114
894,114
1653,114
136,115
895,115
1654,115
137,116
896,116
1655,116
138,117
897,117
1656,117
139,118
898,118
1657,118
140,119
899,119
1658,119
141,120
900,120
1659,120
142,121
901,121
1660,121
143,122
902,122
1661,122
144,123
903,123
1662,123
145,124
904,124
1663,124
146,125
905,125
1664,125
147,126
906,126
1665,126
148,127
907,127
1666,127
149,128
908,128
1667,128
150,129
909,129
1668,129
151,130
910,130
1669,130
152,131
911,131
1670,131
153,132
912,132
1671,132
154,133
913,133
1672,133
155,124
914,124
1673,124
156,6
915,6
1674,6
157,134
916,134
1675,134
158,135
917,135
1676,135
159,136
918,136
1677,136
160,137
919,137
1678,137
161,138
920,138
1679,138
162,139
921,139
1680,139
163,140
922,140
1681,140
164,141
923,141
1682,141
165,142
924,142
1683,142
166,125
925,125
1684,125
167,143
926,143
1685,143
168,144
927,144
1686,144
169,145
928,145
1687,145
170,146
929,146
1688,146
171,147
930,147
1689,147
172,148
931,148
1690,148
173,149
932,149
1691,149
174,150
933,150
1692,150
175,151
934,151
1693,151
176,152
935,152
1694,152
177,109
936,109
1695,109
178,153
937,153
1696,153
179,154
938,154
1697,154
180,155
939,155
1698,155
181,156
940,156
1699,156
182,157
941,157
1700,157
183,158
942,158
1701,158
184,159
943,159
1702,159
185,160
944,160
1703,160
186,161
945,161
1704,161
187,58
946,58
1705,58
188,162
947,162
1706,162
189,121
948,121
1707,121
190,163
949,163
1708,163
191,164
950,164
1709,164
192,165
951,165
1710,165
193,166
952,166
1711,166
194,167
953,167
1712,167
195,168
954,168
1713,168
196,169
955,169
1714,169
197,170
956,170
1715,170
198,171
957,171
1716,171
199,172
958,172
1717,172
200,173
959,173
1718,173
201,174
960,174
1719,174
202,175
961,175
1720,175
203,149
962,149
1721,149
204,176
963,176
1722,176
205,177
964,177
1723,177
206,178
965,178
1724,178
207,179
966,179
1725,179
208,180
967,180
1726,180
209,181
968,181
1727,181
210,182
969,182
1728,182
211,183
970,183
1729,183
212,184
971,184
1730,184
213,185
972,185
1731,185
214,186
973,186
1732,186
215,187
974,187
1733,187
216,188
975,188
1734,188
217,189
976,189
1735,189
218,190
977,190
1736,190
219,191
978,191
1737,191
220,192
979,192
1738,192
221,193
980,193
1739,193
222,145
981,145
1740,145
223,68
982,68
1741,68
224,194
983,194
1742,194
225,195
984,195
1743,195
226,196
985,196
1744,196
227,92
986,92
1745,92
228,197
987,197
1746,197
229,198
988,198
1747,198
230,199
989,199
1748,199
231,200
990,200
1749,200
232,201
991,201
1750,201
233,202
992,202
1751,202
234,203
993,203
1752,203
235,204
994,204
1753,204
236,205
995,205
1754,205
237,206
996,206
1755,206
238,207
997,207
1756,207
239,91
998,91
1757,91
240,52
999,52
1758,52
241,208
1000,208
1759,208
242,194
1001,194
1760,194
243,209
1002,209
1761,209
244,210
1003,210
1762,210
245,189
1004,189
1763,189
246,211
1005,211
1764,211
247,212
1006,212
1765,212
248,213
1007,213
1766,213
249,200
1008,200
1767,200
250,194
1009,194
1768,194
251,214
1010,214
1769,214
252,215
1011,215
1770,215
253,192
1012,192
1771,192
254,216
1013,216
1772,216
255,195
1014,195
1773,195
256,145
1015,145
1774,145
257,217
1016,217
1775,217
258,218
1017,218
1776,218
259,219
1018,219
1777,219
260,220
1019,220
1778,220
261,196
1020,196
1779,196
262,221
1021,221
1780,221
263,222
1022,222
1781,222
264,223
1023,223
1782,223
265,224
1024,224
1783,224
266,145
1025,145
1784,145
267,92
1026,92
1785,92
268,225
1027,225
1786,225
269,226
1028,226
1787,226
270,227
1029,227
1788,227
271,145
1030,145
1789,145
272,217
1031,217
1790,217
273,228
1032,228
1791,228
274,229
1033,229
1792,229
275,230
1034,230
1793,230
276,125
1035,125
1794,125
277,231
1036,231
1795,231
278,187
1037,187
1796,187
279,223
1038,223
1797,223
280,219
1039,219
1798,219
281,232
1040,232
1799,232
282,168
1041,168
1800,168
283,233
1042,233
1801,233
284,234
1043,234
1802,234
285,200
1044,200
1803,200
286,194
1045,194
1804,194
287,200
1046,200
1805,200
288,235
1047,235
1806,235
289,236
1048,236
1807,236
290,236
1049,236
1808,236
291,237
1050,237
1809,237
292,200
1051,200
1810,200
293,229
1052,229
1811,229
294,200
1053,200
1812,200
295,238
1054,238
1813,238
296,239
1055,239
1814,239
297,236
1056,236
1815,236
298,200
1057,200
1816,200
299,192
1058,192
1817,192
300,240
1059,240
1818,240
301,171
1060,171
1819,171
302,241
1061,241
1820,241
303,242
1062,242
1821,242
304,243
1063,243
1822,243
305,244
1064,244
1823,244
306,245
1065,245
1824,245
307,246
1066,246
1825,246
308,247
1067,247
1826,247
309,248
1068,248
1827,248
310,249
1069,249
1828,249
311,250
1070,250
1829,250
312,251
1071,251
1830,251
313,252
1072,252
1831,252
314,253
1073,253
1832,253
315,127
1074,127
1833,127
316,254
1075,254
1834,254
317,255
1076,255
1835,255
318,256
1077,256
1836,256
319,257
1078,257
1837,257
320,258
1079,258
1838,258
321,259
1080,259
1839,259
322,260
1081,260
1840,260
323,261
1082,261
1841,261
324,262
1083,262
1842,262
325,263
1084,263
1843,263
326,177
1085,177
1844,177
327,264
1086,264
1845,264
328,265
1087,265
1846,265
329,266
1088,266
1847,266
330,267
1089,267
1848,267
331,268
1090,268
1849,268
332,269
1091,269
1850,269
333,270
1092,270
1851,270
334,271
1093,271
1852,271
335,272
1094,272
1853,272
336,273
1095,273
1854,273
337,274
1096,274
1855,274
338,275
1097,275
1856,275
339,276
1098,276
1857,276
340,106
1099,106
1858,106
341,277
1100,277
1859,277
342,278
1101,278
1860,278
343,279
1102,279
1861,279
344,280
1103,280
1862,280
345,281
1104,281
1863,281
346,282
1105,282
1864,282
347,271
1106,271
1865,271
348,283
1107,283
1866,283
349,284
1108,284
1867,284
350,285
1109,285
1868,285
351,286
1110,286
1869,286
352,287
1111,287
1870,287
353,288
1112,288
1871,288
354,289
1113,289
1872,289
355,290
1114,290
1873,290
356,68
1115,68
1874,68
357,291
1116,291
1875,291
358,292
1117,292
1876,292
359,293
1118,293
1877,293
360,294
1119,294
1878,294
361,295
1120,295
1879,295
362,296
1121,296
1880,296
363,297
1122,297
1881,297
364,298
1123,298
1882,298
365,299
1124,299
1883,299
366,300
1125,300
1884,300
367,301
1126,301
1885,301
368,302
1127,302
1886,302
369,303
1128,303
1887,303
370,304
1129,304
1888,304
371,305
1130,305
1889,305
372,254
1131,254
1890,254
373,306
1132,306
1891,306
374,307
1133,307
1892,307
375,308
1134,308
1893,308
376,309
1135,309
1894,309
377,310
1136,310
1895,310
378,311
1137,311
1896,311
379,312
1138,312
1897,312
380,269
1139,269
1898,269
381,313
1140,313
1899,313
382,314
1141,314
1900,314
383,315
1142,315
1901,315
384,316
1143,316
1902,316
385,317
1144,317
1903,317
386,318
1145,318
1904,318
387,319
1146,319
1905,319
388,320
1147,320
1906,320
389,321
1148,321
1907,321
390,322
1149,322
1908,322
391,323
1150,323
1909,323
392,324
1151,324
1910,324
393,325
1152,325
1911,325
394,326
1153,326
1912,326
395,327
1154,327
1913,327
396,328
1155,328
1914,328
397,329
1156,329
1915,329
398,330
1157,330
1916,330
399,331
1158,331
1917,331
400,332
1159,332
1918,332
401,333
1160,333
1919,333
402,334
1161,334
1920,334
403,335
1162,335
1921,335
404,336
1163,336
1922,336
405,337
1164,337
1923,337
406,338
1165,338
1924,338
407,192
1166,192
1925,192
408,190
1167,190
1926,190
409,339
1168,339
1927,339
410,222
1169,222
1928,222
411,203
1170,203
1929,203
412,223
1171,223
1930,223
413,19
1172,19
1931,19
414,110
1173,110
1932,110
415,30
1174,30
1933,30
416,340
1175,340
1934,340
417,145
1176,145
1935,145
418,52
1177,52
1936,52
419,341
1178,341
1937,341
420,342
1179,342
1938,342
421,343
1180,343
1939,343
422,227
1181,227
1940,227
423,224
1182,224
1941,224
424,344
1183,344
1942,344
425,203
1184,203
1943,203
426,30
1185,30
1944,30
427,345
1186,345
1945,345
428,346
1187,346
1946,346
429,347
1188,347
1947,347
430,91
1189,91
1948,91
431,190
1190,190
1949,190
432,224
1191,224
1950,224
433,348
1192,348
1951,348
434,349
1193,349
1952,349
435,129
1194,129
1953,129
436,350
1195,350
1954,350
437,351
1196,351
1955,351
438,352
1197,352
1956,352
439,54
1198,54
1957,54
440,353
1199,353
1958,353
441,354
1200,354
1959,354
442,355
1201,355
1960,355
443,356
1202,356
1961,356
444,357
1203,357
1962,357
445,358
1204,358
1963,358
446,359
1205,359
1964,359
447,30
1206,30
1965,30
448,289
1207,289
1966,289
449,360
1208,360
1967,360
450,353
1209,353
1968,353
451,30
1210,30
1969,30
452,238
1211,238
1970,238
453,80
1212,80
1971,80
454,361
1213,361
1972,361
455,194
1214,194
1973,194
456,362
1215,362
1974,362
457,363
1216,363
1975,363
458,289
1217,289
1976,289
459,364
1218,364
1977,364
460,207
1219,207
1978,207
461,163
1220,163
1979,163
462,365
1221,365
1980,365
463,100
1222,100
1981,100
464,366
1223,366
1982,366
465,49
1224,49
1983,49
466,190
1225,190
1984,190
467,367
1226,367
1985,367
468,198
1227,198
1986,198
469,94
1228,94
1987,94
470,368
1229,368
1988,368
471,190
1230,190
1989,190
472,369
1231,369
1990,369
473,194
1232,194
1991,194
474,271
1233,271
1992,271
475,370
1234,370
1993,370
476,371
1235,371
1994,371
477,372
1236,372
1995,372
478,100
1237,100
1996,100
479,373
1238,373
1997,373
480,344
1239,344
1998,344
481,374
1240,374
1999,374
482,235
1241,235
2000,235
483,353
1242,353
2001,353
484,145
1243,145
2002,145
485,375
1244,375
2003,375
486,225
1245,225
2004,225
487,376
1246,376
2005,376
488,302
1247,302
2006,302
489,377
1248,377
2007,377
490,149
1249,149
2008,149
491,100
1250,100
2009,100
492,350
1251,350
2010,350
493,358
1252,358
2011,358
494,328
1253,328
2012,328
495,353
1254,353
2013,353
496,378
1255,378
2014,378
498,224
1257,224
2015,224
499,379
1258,379
2016,379
500,380
1259,380
2017,380
501,341
1260,341
2018,341
502,381
1261,381
2019,381
503,382
1262,382
2020,382
504,383
1263,383
2021,383
505,353
1264,353
2022,353
506,194
1265,194
2023,194
507,52
1266,52
2024,52
508,100
1267,100
2025,100
509,384
1268,384
2026,384
510,385
1269,385
2027,385
511,386
1270,386
2028,386
512,387
1271,387
2029,387
513,382
1272,382
2030,382
514,388
1273,388
2031,388
515,200
1274,200
2032,200
516,195
1275,195
2033,195
517,144
1276,144
2034,144
518,120
1277,120
2035,120
519,389
1278,389
2036,389
520,390
1279,390
2037,390
521,391
1280,391
2038,391
522,303
1281,303
2039,303
523,392
1282,392
2040,392
524,393
1283,393
2041,393
525,394
1284,394
2042,394
526,395
1285,395
2043,395
527,391
1286,391
2044,391
528,396
1287,396
2045,396
529,397
1288,397
2046,397
530,398
1289,398
2047,398
531,399
1290,399
2048,399
532,400
1291,400
2049,400
533,114
1292,114
2050,114
534,401
1293,401
2051,401
535,402
1294,402
2052,402
536,110
1295,110
2053,110
537,403
1296,403
2054,403
538,64
1297,64
2055,64
539,404
1298,404
2056,404
540,405
1299,405
2057,405
541,110
1300,110
2058,110
542,401
1301,401
2059,401
543,406
1302,406
2060,406
544,375
1303,375
2061,375
545,407
1304,407
2062,407
546,401
1305,401
2063,401
547,401
1306,401
2064,401
548,408
1307,408
2065,408
549,409
1308,409
2066,409
550,333
1309,333
2067,333
551,278
1310,278
2068,278
552,410
1311,410
2069,410
553,411
1312,411
2070,411
554,9
1313,9
2071,9
555,9
1314,9
2072,9
556,412
1315,412
2073,412
557,413
1316,413
2074,413
558,414
1317,414
2075,414
559,9
1318,9
2076,9
560,415
1319,415
2077,415
561,416
1320,416
2078,416
562,9
1321,9
2079,9
563,417
1322,417
2080,417
564,270
1323,270
2081,270
565,418
1324,418
2082,418
566,319
1325,319
2083,319
567,419
1326,419
2084,419
568,114
1327,114
2085,114
569,420
1328,420
2086,420
570,270
1329,270
2087,270
571,421
1330,421
2088,421
572,422
1331,422
2089,422
573,70
1332,70
2090,70
574,413
1333,413
2091,413
575,423
1334,423
2092,423
576,424
1335,424
2093,424
577,55
1336,55
2094,55
578,425
1337,425
2095,425
579,125
1338,125
2096,125
580,146
1339,146
2097,146
581,110
1340,110
2098,110
582,55
1341,55
2099,55
583,426
1342,426
2100,426
584,427
1343,427
2101,427
585,428
1344,428
2102,428
586,429
1345,429
2103,429
587,430
1346,430
2104,430
588,428
1347,428
2105,428
589,102
1348,102
2106,102
590,431
1349,431
2107,431
591,432
1350,432
2108,432
592,433
1351,433
2109,433
593,381
1352,381
2110,381
594,434
1353,434
2111,434
595,34
1354,34
2112,34
596,428
1355,428
2113,428
597,435
1356,435
2114,435
598,19
1357,19
2115,19
599,436
1358,436
2116,436
600,68
1359,68
2117,68
601,437
1360,437
2118,437
602,278
1361,278
2119,278
603,359
1362,359
2120,359
604,381
1363,381
2121,381
605,192
1364,192
2122,192
606,7
1365,7
2123,7
607,438
1366,438
2124,438
608,439
1367,439
2125,439
609,440
1368,440
2126,440
610,31
1369,31
2127,31
611,441
1370,441
2128,441
612,442
1371,442
2129,442
613,218
1372,218
2130,218
614,443
1373,443
2131,443
615,444
1374,444
2132,444
616,49
1375,49
2133,49
617,445
1376,445
2134,445
618,68
1377,68
2135,68
619,446
1378,446
2136,446
620,441
1379,441
2137,441
621,447
1380,447
2138,447
622,448
1381,448
2139,448
623,1
1382,1
2140,1
624,28
1383,28
2141,28
625,106
1384,106
2142,106
626,19
1385,19
2143,19
627,449
1386,449
2144,449
628,21
1387,21
2145,21
629,450
1388,450
2146,450
630,229
1389,229
2147,229
631,451
1390,451
2148,451
632,452
1391,452
2149,452
633,190
1392,190
2150,190
634,110
1393,110
2151,110
635,344
1394,344
2152,344
636,453
1395,453
2153,453
637,187
1396,187
2154,187
638,152
1397,152
2155,152
639,271
1398,271
2156,271
640,454
1399,454
2157,454
641,195
1400,195
2158,195
642,455
1401,455
2159,455
643,456
1402,456
2160,456
644,363
1403,363
2161,363
645,457
1404,457
2162,457
646,458
1405,458
2163,458
647,459
1406,459
2164,459
648,226
1407,226
2165,226
649,224
1408,224
2166,224
650,460
1409,460
2167,460
651,461
1410,461
2168,461
652,427
1411,427
2169,427
653,462
1412,462
2170,462
654,344
1413,344
2171,344
655,463
1414,463
2172,463
656,224
1415,224
2173,224
657,464
1416,464
2174,464
658,44
1417,44
2175,44
659,465
1418,465
2176,465
660,466
1419,466
2177,466
661,467
1420,467
2178,467
662,460
1421,460
2179,460
663,456
1422,456
2180,456
664,224
1423,224
2181,224
665,468
1424,468
2182,468
666,354
1425,354
2183,354
667,469
1426,469
2184,469
668,470
1427,470
2185,470
669,471
1428,471
2186,471
670,472
1429,472
2187,472
671,63
1430,63
2188,63
672,473
1431,473
2189,473
673,56
1432,56
2190,56
674,341
1433,341
2191,341
675,3
1434,3
2192,3
676,384
1435,384
2193,384
677,384
1436,384
2194,384
678,474
1437,474
2195,474
679,227
1438,227
2196,227
680,163
1439,163
2197,163
681,30
1440,30
2198,30
682,392
1441,392
2199,392
683,9
1442,9
2200,9
684,475
1443,475
2201,475
685,125
1444,125
2202,125
686,190
1445,190
2203,190
687,442
1446,442
2204,442
688,476
1447,476
2205,476
689,192
1448,192
2206,192
690,477
1449,477
2207,477
691,478
1450,478
2208,478
692,479
1451,479
2209,479
693,371
1452,371
2210,371
694,480
1453,480
2211,480
695,481
1454,481
2212,481
696,482
1455,482
2213,482
697,9
1456,9
2214,9
698,101
1457,101
2215,101
699,483
1458,483
2216,483
700,214
1459,214
2217,214
701,484
1460,484
2218,484
702,485
1461,485
2219,485
703,486
1462,486
2220,486
704,487
1463,487
2221,487
705,360
1464,360
2222,360
706,488
1465,488
2223,488
707,489
1466,489
2224,489
708,183
1467,183
2225,183
709,475
1468,475
2226,475
710,490
1469,490
2227,490
711,491
1470,491
2228,491
712,8
1471,8
2229,8
713,492
1472,492
2230,492
714,493
1473,493
2231,493
715,121
1474,121
2232,121
716,494
1475,494
2233,494
717,101
1476,101
2234,101
718,495
1477,495
2235,495
719,101
1478,101
2236,101
720,496
1479,496
2237,496
721,497
1480,497
2238,497
722,63
1481,63
2239,63
723,21
1482,21
2240,21
724,498
1483,498
2241,498
725,499
1484,499
2242,499
726,9
1485,9
2243,9
727,441
1486,441
2244,441
728,500
1487,500
2245,500
729,192
1488,192
2246,192
730,501
1489,501
2247,501
731,52
1490,52
2248,52
732,502
1491,502
2249,502
733,503
1492,503
2250,503
734,483
1493,483
2251,483
735,504
1494,504
2252,504
736,138
1495,138
2253,138
737,52
1496,52
2254,52
738,52
1497,52
2255,52
739,505
1498,505
2256,505
740,358
1499,358
2257,358
741,506
1500,506
2258,506
742,507
1501,507
2259,507
743,508
1502,508
2260,508
744,509
1503,509
2261,509
745,510
1504,510
2262,510
746,511
1505,511
2263,511
747,512
1506,512
2264,512
748,513
1507,513
2265,513
749,514
1508,514
2266,514
750,515
1509,515
2267,515
751,516
1510,516
2268,516
752,517
1511,517
2269,517
753,353
1512,353
2270,353
754,518
1513,518
2271,518
756,519
1515,519
2272,519
757,520
1516,520
2273,520
758,521
1517,521
2274,521
759,522
1518,522
2275,522
1,523
760,523
1519,523
2,524
761,524
1520,524
3,525
762,525
1521,525
4,526
763,526
1522,526
5,527
764,527
1523,527
6,528
765,528
1524,528
7,529
766,529
1525,529
8,530
767,530
1526,530
9,531
768,531
1527,531
10,532
769,532
1528,532
11,533
770,533
1529,533
12,534
771,534
1530,534
13,535
772,535
1531,535
14,536
773,536
1532,536
15,537
774,537
1533,537
16,538
775,538
1534,538
17,539
776,539
1535,539
18,199
777,199
1536,199
19,441
778,441
1537,441
20,540
779,540
1538,540
21,541
780,541
1539,541
22,359
781,359
1540,359
23,412
782,412
1541,412
24,542
783,542
1542,542
25,543
784,543
1543,543
26,544
785,544
1544,544
27,545
786,545
1545,545
28,546
787,546
1546,546
29,547
788,547
1547,547
30,548
789,548
1548,548
31,14
790,14
1549,14
32,549
791,549
1550,549
33,550
792,550
1551,550
34,222
793,222
1552,222
35,551
794,551
1553,551
36,552
795,552
1554,552
37,215
796,215
1555,215
38,68
797,68
1556,68
39,553
798,553
1557,553
40,554
799,554
1558,554
41,211
800,211
1559,211
42,515
801,515
1560,515
43,555
802,555
1561,555
44,556
803,556
1562,556
45,557
804,557
1563,557
46,558
805,558
1564,558
47,559
806,559
1565,559
48,524
807,524
1566,524
49,560
808,560
1567,560
50,561
809,561
1568,561
51,427
810,427
1569,427
52,562
811,562
1570,562
53,239
812,239
1571,239
54,19
813,19
1572,19
55,563
814,563
1573,563
56,564
815,564
1574,564
57,565
816,565
1575,565
58,566
817,566
1576,566
59,567
818,567
1577,567
60,568
819,568
1578,568
61,182
820,182
1579,182
62,569
821,569
1580,569
63,570
822,570
1581,570
64,571
823,571
1582,571
65,572
824,572
1583,572
66,573
825,573
1584,573
67,574
826,574
1585,574
68,575
827,575
1586,575
69,576
828,576
1587,576
70,477
829,477
1588,477
71,289
830,289
1589,289
72,292
831,292
1590,292
73,577
832,577
1591,577
74,71
833,71
1592,71
75,73
834,73
1593,73
76,578
835,578
1594,578
77,579
836,579
1595,579
78,580
837,580
1596,580
79,581
838,581
1597,581
80,582
839,582
1598,582
81,18
840,18
1599,18
82,536
841,536
1600,536
83,583
842,583
1601,583
84,584
843,584
1602,584
85,71
844,71
1603,71
86,585
845,585
1604,585
87,64
846,64
1605,64
88,586
847,586
1606,586
89,177
848,177
1607,177
90,73
849,73
1608,73
91,587
850,587
1609,587
92,564
851,564
1610,564
93,571
852,571
1611,571
94,588
853,588
1612,588
95,319
854,319
1613,319
96,466
855,466
1614,466
97,78
856,78
1615,78
98,64
857,64
1616,64
99,589
858,589
1617,589
100,590
859,590
1618,590
101,591
860,591
1619,591
102,592
861,592
1620,592
103,593
862,593
1621,593
104,594
863,594
1622,594
105,595
864,595
1623,595
106,595
865,595
1624,595
107,39
866,39
1625,39
108,596
867,596
1626,596
109,597
868,597
1627,597
110,137
869,137
1628,137
111,598
870,598
1629,598
112,397
871,397
1630,397
113,599
872,599
1631,599
114,600
873,600
1632,600
115,219
874,219
1633,219
116,601
875,601
1634,601
117,6
876,6
1635,6
118,517
877,517
1636,517
119,370
878,370
1637,370
120,602
879,602
1638,602
121,603
880,603
1639,603
122,374
881,374
1640,374
123,604
882,604
1641,604
124,605
883,605
1642,605
125,458
884,458
1643,458
126,606
885,606
1644,606
127,607
886,607
1645,607
128,608
887,608
1646,608
129,324
888,324
1647,324
130,609
889,609
1648,609
131,610
890,610
1649,610
132,611
891,611
1650,611
133,35
892,35
1651,35
134,363
893,363
1652,363
135,429
894,429
1653,429
136,329
895,329
1654,329
137,612
896,612
1655,612
138,613
897,613
1656,613
139,614
898,614
1657,614
140,615
899,615
1658,615
141,616
900,616
1659,616
142,617
901,617
1660,617
143,618
902,618
1661,618
144,619
903,619
1662,619
145,620
904,620
1663,620
146,621
905,621
1664,621
147,622
906,622
1665,622
148,137
907,137
1666,137
149,256
908,256
1667,256
150,623
909,623
1668,623
151,169
910,169
1669,169
152,624
911,624
1670,624
153,625
912,625
1671,625
154,626
913,626
1672,626
155,627
914,627
1673,627
156,628
915,628
1674,628
157,629
916,629
1675,629
158,630
917,630
1676,630
159,631
918,631
1677,631
160,68
919,68
1678,68
161,632
920,632
1679,632
162,236
921,236
1680,236
163,633
922,633
1681,633
164,124
923,124
1682,124
165,35
924,35
1683,35
166,634
925,634
1684,634
167,635
926,635
1685,635
168,31
927,31
1686,31
169,636
928,636
1687,636
170,33
929,33
1688,33
171,637
930,637
1689,637
172,504
931,504
1690,504
173,575
932,575
1691,575
174,638
933,638
1692,638
175,639
934,639
1693,639
176,640
935,640
1694,640
177,641
936,641
1695,641
178,80
937,80
1696,80
179,642
938,642
1697,642
180,643
939,643
1698,643
181,644
940,644
1699,644
182,645
941,645
1700,645
183,646
942,646
1701,646
184,647
943,647
1702,647
185,648
944,648
1703,648
186,649
945,649
1704,649
187,650
946,650
1705,650
188,651
947,651
1706,651
189,652
948,652
1707,652
190,653
949,653
1708,653
191,654
950,654
1709,654
192,655
951,655
1710,655
193,656
952,656
1711,656
194,657
953,657
1712,657
195,243
954,243
1713,243
196,658
955,658
1714,658
197,659
956,659
1715,659
198,660
957,660
1716,660
199,661
958,661
1717,661
200,490
959,490
1718,490
201,662
960,662
1719,662
202,663
961,663
1720,663
203,431
962,431
1721,431
204,664
963,664
1722,664
205,665
964,665
1723,665
206,666
965,666
1724,666
207,667
966,667
1725,667
208,668
967,668
1726,668
209,669
968,669
1727,669
210,670
969,670
1728,670
211,671
970,671
1729,671
212,672
971,672
1730,672
213,673
972,673
1731,673
214,34
973,34
1732,34
215,473
974,473
1733,473
216,674
975,674
1734,674
217,675
976,675
1735,675
218,439
977,439
1736,439
219,676
978,676
1737,676
220,677
979,677
1738,677
221,678
980,678
1739,678
222,679
981,679
1740,679
223,257
982,257
1741,257
224,203
983,203
1742,203
225,574
984,574
1743,574
226,217
985,217
1744,217
227,171
986,171
1745,171
228,680
987,680
1746,680
229,681
988,681
1747,681
230,207
989,207
1748,207
231,682
990,682
1749,682
232,683
991,683
1750,683
233,491
992,491
1751,491
234,684
993,684
1752,684
235,52
994,52
1753,52
236,507
995,507
1754,507
237,456
996,456
1755,456
238,685
997,685
1756,685
239,686
998,686
1757,686
240,687
999,687
1758,687
241,688
1000,688
1759,688
242,689
1001,689
1760,689
243,690
1002,690
1761,690
244,691
1003,691
1762,691
245,236
1004,236
1763,236
246,363
1005,363
1764,363
247,327
1006,327
1765,327
248,692
1007,692
1766,692
249,292
1008,292
1767,292
250,198
1009,198
1768,198
251,693
1010,693
1769,693
252,515
1011,515
1770,515
253,171
1012,171
1771,171
254,422
1013,422
1772,422
255,694
1014,694
1773,694
256,419
1015,419
1774,419
257,695
1016,695
1775,695
258,696
1017,696
1776,696
259,697
1018,697
1777,697
260,439
1019,439
1778,439
261,504
1020,504
1779,504
262,698
1021,698
1780,698
263,699
1022,699
1781,699
264,700
1023,700
1782,700
265,701
1024,701
1783,701
266,333
1025,333
1784,333
267,456
1026,456
1785,456
268,382
1027,382
1786,382
269,129
1028,129
1787,129
270,702
1029,702
1788,702
271,28
1030,28
1789,28
272,196
1031,196
1790,196
273,703
1032,703
1791,703
274,704
1033,704
1792,704
275,705
1034,705
1793,705
276,68
1035,68
1794,68
277,706
1036,706
1795,706
278,120
1037,120
1796,120
279,700
1038,700
1797,700
280,68
1039,68
1798,68
281,707
1040,707
1799,707
282,708
1041,708
1800,708
283,709
1042,709
1801,709
284,305
1043,305
1802,305
285,710
1044,710
1803,710
286,711
1045,711
1804,711
287,712
1046,712
1805,712
288,483
1047,483
1806,483
289,713
1048,713
1807,713
290,714
1049,714
1808,714
291,715
1050,715
1809,715
292,716
1051,716
1810,716
293,616
1052,616
1811,616
294,717
1053,717
1812,717
295,52
1054,52
1813,52
296,718
1055,718
1814,718
297,719
1056,719
1815,719
298,712
1057,712
1816,712
299,720
1058,720
1817,720
300,216
1059,216
1818,216
301,58
1060,58
1819,58
302,721
1061,721
1820,721
303,722
1062,722
1821,722
304,723
1063,723
1822,723
305,446
1064,446
1823,446
306,462
1065,462
1824,462
307,724
1066,724
1825,724
308,725
1067,725
1826,725
309,726
1068,726
1827,726
310,727
1069,727
1828,727
311,728
1070,728
1829,728
312,729
1071,729
1830,729
313,730
1072,730
1831,730
314,731
1073,731
1832,731
315,732
1074,732
1833,732
316,733
1075,733
1834,733
317,734
1076,734
1835,734
318,128
1077,128
1836,128
319,363
1078,363
1837,363
320,735
1079,735
1838,735
321,736
1080,736
1839,736
322,737
1081,737
1840,737
323,706
1082,706
1841,706
324,738
1083,738
1842,738
325,739
1084,739
1843,739
326,740
1085,740
1844,740
327,741
1086,741
1845,741
328,742
1087,742
1846,742
329,743
1088,743
1847,743
330,744
1089,744
1848,744
331,745
1090,745
1849,745
332,746
1091,746
1850,746
333,747
1092,747
1851,747
334,748
1093,748
1852,748
335,749
1094,749
1853,749
336,750
1095,750
1854,750
337,751
1096,751
1855,751
338,752
1097,752
1856,752
339,753
1098,753
1857,753
340,614
1099,614
1858,614
341,754
1100,754
1859,754
342,755
1101,755
1860,755
343,756
1102,756
1861,756
344,757
1103,757
1862,757
345,758
1104,758
1863,758
346,759
1105,759
1864,759
347,760
1106,760
1865,760
348,761
1107,761
1866,761
349,762
1108,762
1867,762
350,763
1109,763
1868,763
351,764
1110,764
1869,764
352,765
1111,765
1870,765
353,760
1112,760
1871,760
354,766
1113,766
1872,766
355,767
1114,767
1873,767
356,768
1115,768
1874,768
357,769
1116,769
1875,769
358,770
1117,770
1876,770
359,771
1118,771
1877,771
360,772
1119,772
1878,772
361,773
1120,773
1879,773
362,774
1121,774
1880,774
363,775
1122,775
1881,775
364,776
1123,776
1882,776
365,777
1124,777
1883,777
366,778
1125,778
1884,778
367,505
1126,505
1885,505
368,779
1127,779
1886,779
369,780
1128,780
1887,780
370,211
1129,211
1888,211
371,781
1130,781
1889,781
372,782
1131,782
1890,782
373,783
1132,783
1891,783
374,784
1133,784
1892,784
375,759
1134,759
1893,759
376,785
1135,785
1894,785
377,786
1136,786
1895,786
378,787
1137,787
1896,787
379,788
1138,788
1897,788
380,789
1139,789
1898,789
381,790
1140,790
1899,790
382,791
1141,791
1900,791
383,792
1142,792
1901,792
384,793
1143,793
1902,793
385,794
1144,794
1903,794
386,795
1145,795
1904,795
387,796
1146,796
1905,796
388,797
1147,797
1906,797
389,380
1148,380
1907,380
390,798
1149,798
1908,798
391,799
1150,799
1909,799
392,374
1151,374
1910,374
393,800
1152,800
1911,800
394,801
1153,801
1912,801
395,802
1154,802
1913,802
396,803
1155,803
1914,803
397,706
1156,706
1915,706
398,804
1157,804
1916,804
399,805
1158,805
1917,805
400,806
1159,806
1918,806
401,807
1160,807
1919,807
402,239
1161,239
1920,239
403,808
1162,808
1921,808
404,809
1163,809
1922,809
405,810
1164,810
1923,810
406,811
1165,811
1924,811
407,812
1166,812
1925,812
408,341
1167,341
1926,341
409,813
1168,813
1927,813
410,814
1169,814
1928,814
411,815
1170,815
1929,815
412,114
1171,114
1930,114
413,18
1172,18
1931,18
414,187
1173,187
1932,187
415,384
1174,384
1933,384
416,816
1175,816
1934,816
417,817
1176,817
1935,817
418,818
1177,818
1936,818
419,216
1178,216
1937,216
420,819
1179,819
1938,819
421,820
1180,820
1939,820
422,366
1181,366
1940,366
423,821
1182,821
1941,821
424,71
1183,71
1942,71
425,822
1184,822
1943,822
426,229
1185,229
1944,229
427,93
1186,93
1945,93
428,431
1187,431
1946,431
429,14
1188,14
1947,14
430,823
1189,823
1948,823
431,202
1190,202
1949,202
432,80
1191,80
1950,80
433,363
1192,363
1951,363
434,500
1193,500
1952,500
435,824
1194,824
1953,824
436,825
1195,825
1954,825
437,803
1196,803
1955,803
438,826
1197,826
1956,826
439,827
1198,827
1957,827
440,344
1199,344
1958,344
441,828
1200,828
1959,828
442,829
1201,829
1960,829
443,28
1202,28
1961,28
444,830
1203,830
1962,830
445,831
1204,831
1963,831
446,475
1205,475
1964,475
447,832
1206,832
1965,832
448,833
1207,833
1966,833
449,834
1208,834
1967,834
450,344
1209,344
1968,344
451,341
1210,341
1969,341
452,835
1211,835
1970,835
453,439
1212,439
1971,439
454,646
1213,646
1972,646
455,836
1214,836
1973,836
456,837
1215,837
1974,837
457,838
1216,838
1975,838
458,839
1217,839
1976,839
459,840
1218,840
1977,840
460,419
1219,419
1978,419
461,841
1220,841
1979,841
462,195
1221,195
1980,195
463,816
1222,816
1981,816
464,842
1223,842
1982,842
465,42
1224,42
1983,42
466,843
1225,843
1984,843
467,844
1226,844
1985,844
468,301
1227,301
1986,301
469,845
1228,845
1987,845
470,846
1229,846
1988,846
471,847
1230,847
1989,847
472,80
1231,80
1990,80
473,848
1232,848
1991,848
474,849
1233,849
1992,849
475,229
1234,229
1993,229
476,850
1235,850
1994,850
477,413
1236,413
1995,413
478,851
1237,851
1996,851
479,852
1238,852
1997,852
480,455
1239,455
1998,455
481,853
1240,853
1999,853
482,36
1241,36
2000,36
483,854
1242,854
2001,854
484,855
1243,855
2002,855
485,113
1244,113
2003,113
486,92
1245,92
2004,92
487,856
1246,856
2005,856
488,240
1247,240
2006,240
489,218
1248,218
2007,218
490,857
1249,857
2008,857
491,858
1250,858
2009,858
492,859
1251,859
2010,859
493,860
1252,860
2011,860
494,861
1253,861
2012,861
495,145
1254,145
2013,145
496,862
1255,862
2014,862
498,121
1257,121
2015,121
499,863
1258,863
2016,863
500,864
1259,864
2017,864
501,187
1260,187
2018,187
502,359
1261,359
2019,359
503,194
1262,194
2020,194
504,865
1263,865
2021,865
505,866
1264,866
2022,866
506,867
1265,867
2023,867
507,868
1266,868
2024,868
508,869
1267,869
2025,869
509,22
1268,22
2026,22
510,870
1269,870
2027,870
511,871
1270,871
2028,871
512,667
1271,667
2029,667
513,194
1272,194
2030,194
514,872
1273,872
2031,872
515,873
1274,873
2032,873
516,188
1275,188
2033,188
517,874
1276,874
2034,874
518,875
1277,875
2035,875
519,519
1278,519
2036,519
520,876
1279,876
2037,876
521,267
1280,267
2038,267
522,37
1281,37
2039,37
523,215
1282,215
2040,215
524,333
1283,333
2041,333
525,877
1284,877
2042,877
526,878
1285,878
2043,878
527,267
1286,267
2044,267
528,879
1287,879
2045,879
529,880
1288,880
2046,880
530,881
1289,881
2047,881
531,882
1290,882
2048,882
532,883
1291,883
2049,883
533,429
1292,429
2050,429
534,884
1293,884
2051,884
535,814
1294,814
2052,814
536,400
1295,400
2053,400
537,885
1296,885
2054,885
538,219
1297,219
2055,219
539,886
1298,886
2056,886
540,887
1299,887
2057,887
541,58
1300,58
2058,58
542,884
1301,884
2059,884
543,888
1302,888
2060,888
544,889
1303,889
2061,889
545,890
1304,890
2062,890
546,884
1305,884
2063,884
547,884
1306,884
2064,884
548,617
1307,617
2065,617
549,891
1308,891
2066,891
550,892
1309,892
2067,892
551,391
1310,391
2068,391
552,893
1311,893
2069,893
553,239
1312,239
2070,239
554,51
1313,51
2071,51
555,51
1314,51
2072,51
556,420
1315,420
2073,420
557,213
1316,213
2074,213
558,894
1317,894
2075,894
559,51
1318,51
2076,51
560,2
1319,2
2077,2
561,875
1320,875
2078,875
562,51
1321,51
2079,51
563,895
1322,895
2080,895
564,580
1323,580
2081,580
565,896
1324,896
2082,896
566,34
1325,34
2083,34
567,897
1326,897
2084,897
568,898
1327,898
2085,898
569,412
1328,412
2086,412
570,580
1329,580
2087,580
571,899
1330,899
2088,899
572,900
1331,900
2089,900
573,901
1332,901
2090,901
574,405
1333,405
2091,405
575,902
1334,902
2092,902
576,903
1335,903
2093,903
577,18
1336,18
2094,18
578,904
1337,904
2095,904
579,905
1338,905
2096,905
580,906
1339,906
2097,906
581,907
1340,907
2098,907
582,18
1341,18
2099,18
583,908
1342,908
2100,908
584,909
1343,909
2101,909
585,104
1344,104
2102,104
586,477
1345,477
2103,477
587,910
1346,910
2104,910
588,911
1347,911
2105,911
589,912
1348,912
2106,912
590,913
1349,913
2107,913
591,72
1350,72
2108,72
592,914
1351,914
2109,914
593,915
1352,915
2110,915
594,916
1353,916
2111,916
595,319
1354,319
2112,319
596,104
1355,104
2113,104
597,917
1356,917
2114,917
598,918
1357,918
2115,918
599,919
1358,919
2116,919
600,134
1359,134
2117,134
601,548
1360,548
2118,548
602,6
1361,6
2119,6
603,920
1362,920
2120,920
604,72
1363,72
2121,72
605,921
1364,921
2122,921
606,922
1365,922
2123,922
607,923
1366,923
2124,923
608,550
1367,550
2125,550
609,924
1368,924
2126,924
610,900
1369,900
2127,900
611,353
1370,353
2128,353
612,261
1371,261
2129,261
613,925
1372,925
2130,925
614,926
1373,926
2131,926
615,927
1374,927
2132,927
616,384
1375,384
2133,384
617,505
1376,505
2134,505
618,134
1377,134
2135,134
619,31
1378,31
2136,31
620,928
1379,928
2137,928
621,929
1380,929
2138,929
622,491
1381,491
2139,491
623,930
1382,930
2140,930
624,403
1383,403
2141,403
625,931
1384,931
2142,931
626,918
1385,918
2143,918
627,932
1386,932
2144,932
628,1
1387,1
2145,1
629,933
1388,933
2146,933
630,934
1389,934
2147,934
631,708
1390,708
2148,708
632,773
1391,773
2149,773
633,906
1392,906
2150,906
634,935
1393,935
2151,935
635,936
1394,936
2152,936
636,937
1395,937
2153,937
637,938
1396,938
2154,938
638,640
1397,640
2155,640
639,939
1398,939
2156,939
640,649
1399,649
2157,649
641,441
1400,441
2158,441
642,100
1401,100
2159,100
643,121
1402,121
2160,121
644,271
1403,271
2161,271
645,853
1404,853
2162,853
646,349
1405,349
2163,349
647,940
1406,940
2164,940
648,240
1407,240
2165,240
649,941
1408,941
2166,941
650,942
1409,942
2167,942
651,943
1410,943
2168,943
652,483
1411,483
2169,483
653,291
1412,291
2170,291
654,944
1413,944
2171,944
655,460
1414,460
2172,460
656,945
1415,945
2173,945
657,946
1416,946
2174,946
658,825
1417,825
2175,825
659,947
1418,947
2176,947
660,948
1419,948
2177,948
661,949
1420,949
2178,949
662,950
1421,950
2179,950
663,951
1422,951
2180,951
664,222
1423,222
2181,222
665,834
1424,834
2182,834
666,39
1425,39
2183,39
667,952
1426,952
2184,952
668,953
1427,953
2185,953
669,954
1428,954
2186,954
670,106
1429,106
2187,106
671,955
1430,955
2188,955
672,956
1431,956
2189,956
673,957
1432,957
2190,957
674,958
1433,958
2191,958
675,959
1434,959
2192,959
676,488
1435,488
2193,488
677,405
1436,405
2194,405
678,462
1437,462
2195,462
679,483
1438,483
2196,483
680,960
1439,960
2197,960
681,961
1440,961
2198,961
682,962
1441,962
2199,962
683,353
1442,353
2200,353
684,963
1443,963
2201,963
685,707
1444,707
2202,707
686,964
1445,964
2203,964
687,965
1446,965
2204,965
688,966
1447,966
2205,966
689,967
1448,967
2206,967
690,427
1449,427
2207,427
691,896
1450,896
2208,896
692,968
1451,968
2209,968
693,706
1452,706
2210,706
694,969
1453,969
2211,969
695,970
1454,970
2212,970
696,971
1455,971
2213,971
697,972
1456,972
2214,972
698,528
1457,528
2215,528
699,973
1458,973
2216,973
700,974
1459,974
2217,974
701,975
1460,975
2218,975
702,976
1461,976
2219,976
703,507
1462,507
2220,507
704,865
1463,865
2221,865
705,977
1464,977
2222,977
706,978
1465,978
2223,978
707,979
1466,979
2224,979
708,980
1467,980
2225,980
709,981
1468,981
2226,981
710,457
1469,457
2227,457
711,982
1470,982
2228,982
712,169
1471,169
2229,169
713,983
1472,983
2230,983
714,984
1473,984
2231,984
715,985
1474,985
2232,985
716,626
1475,626
2233,626
717,986
1476,986
2234,986
718,987
1477,987
2235,987
719,988
1478,988
2236,988
720,331
1479,331
2237,331
721,989
1480,989
2238,989
722,990
1481,990
2239,990
723,991
1482,991
2240,991
724,992
1483,992
2241,992
725,993
1484,993
2242,993
726,994
1485,994
2243,994
727,524
1486,524
2244,524
728,995
1487,995
2245,995
729,129
1488,129
2246,129
730,996
1489,996
2247,996
731,997
1490,997
2248,997
732,998
1491,998
2249,998
733,999
1492,999
2250,999
734,408
1493,408
2251,408
735,475
1494,475
2252,475
736,816
1495,816
2253,816
737,238
1496,238
2254,238
738,324
1497,324
2255,324
739,1000
1498,1000
2256,1000
740,911
1499,911
2257,911
741,1001
1500,1001
2258,1001
742,975
1501,975
2259,975
743,1002
1502,1002
2260,1002
744,1003
1503,1003
2261,1003
745,1004
1504,1004
2262,1004
746,1005
1505,1005
2263,1005
747,338
1506,338
2264,338
748,286
1507,286
2265,286
749,1006
1508,1006
2266,1006
750,1007
1509,1007
2267,1007
751,1008
1510,1008
2268,1008
752,654
1511,654
2269,654
753,1009
1512,1009
2270,1009
754,1010
1513,1010
2271,1010
756,1011
1515,1011
2272,1011
757,1012
1516,1012
2273,1012
758,1013
1517,1013
2274,1013
759,1014
1518,1014
2275,1014
1,538
760,538
1519,538
2,1015
761,1015
1520,1015
3,582
762,582
1521,582
4,1016
763,1016
1522,1016
5,1017
764,1017
1523,1017
6,340
765,340
1524,340
7,1018
766,1018
1525,1018
8,1019
767,1019
1526,1019
9,1020
768,1020
1527,1020
10,1021
769,1021
1528,1021
11,1022
770,1022
1529,1022
12,1023
771,1023
1530,1023
13,1024
772,1024
1531,1024
14,1025
773,1025
1532,1025
15,1026
774,1026
1533,1026
16,1027
775,1027
1534,1027
17,1028
776,1028
1535,1028
18,1029
777,1029
1536,1029
19,49
778,49
1537,49
20,1030
779,1030
1538,1030
21,1031
780,1031
1539,1031
22,1027
781,1027
1540,1027
23,580
782,580
1541,580
24,1032
783,1032
1542,1032
25,715
784,715
1543,715
26,1033
785,1033
1544,1033
27,1034
786,1034
1545,1034
28,27
787,27
1546,27
29,1035
788,1035
1547,1035
30,261
789,261
1548,261
31,1036
790,1036
1549,1036
32,1037
791,1037
1550,1037
33,211
792,211
1551,211
34,1038
793,1038
1552,1038
35,1039
794,1039
1553,1039
36,1040
795,1040
1554,1040
37,60
796,60
1555,60
38,1041
797,1041
1556,1041
39,1042
798,1042
1557,1042
40,1043
799,1043
1558,1043
41,1044
800,1044
1559,1044
42,1045
801,1045
1560,1045
43,1046
802,1046
1561,1046
44,1047
803,1047
1562,1047
45,1048
804,1048
1563,1048
46,1049
805,1049
1564,1049
47,1050
806,1050
1565,1050
48,897
807,897
1566,897
49,98
808,98
1567,98
50,1051
809,1051
1568,1051
51,1052
810,1052
1569,1052
52,1053
811,1053
1570,1053
53,720
812,720
1571,720
54,1054
813,1054
1572,1054
55,1055
814,1055
1573,1055
56,1056
815,1056
1574,1056
57,1057
816,1057
1575,1057
58,569
817,569
1576,569
59,1058
818,1058
1577,1058
60,1059
819,1059
1578,1059
61,1060
820,1060
1579,1060
62,1061
821,1061
1580,1061
63,1062
822,1062
1581,1062
64,936
823,936
1582,936
65,1063
824,1063
1583,1063
66,19
825,19
1584,19
67,1064
826,1064
1585,1064
68,1065
827,1065
1586,1065
69,1066
828,1066
1587,1066
70,1067
829,1067
1588,1067
71,1068
830,1068
1589,1068
72,453
831,453
1590,453
73,345
832,345
1591,345
74,552
833,552
1592,552
75,1069
834,1069
1593,1069
76,1070
835,1070
1594,1070
77,35
836,35
1595,35
78,1071
837,1071
1596,1071
79,1072
838,1072
1597,1072
80,1073
839,1073
1598,1073
81,1074
840,1074
1599,1074
82,1075
841,1075
1600,1075
83,1076
842,1076
1601,1076
84,1077
843,1077
1602,1077
85,1078
844,1078
1603,1078
86,1079
845,1079
1604,1079
87,1080
846,1080
1605,1080
88,1081
847,1081
1606,1081
89,308
848,308
1607,308
90,1082
849,1082
1608,1082
91,1083
850,1083
1609,1083
92,1084
851,1084
1610,1084
93,1085
852,1085
1611,1085
94,1086
853,1086
1612,1086
95,172
854,172
1613,172
96,1087
855,1087
1614,1087
97,948
856,948
1615,948
98,1080
857,1080
1616,1080
99,1088
858,1088
1617,1088
100,1089
859,1089
1618,1089
101,1090
860,1090
1619,1090
102,1091
861,1091
1620,1091
103,1092
862,1092
1621,1092
104,1093
863,1093
1622,1093
105,1094
864,1094
1623,1094
106,1095
865,1095
1624,1095
107,1096
866,1096
1625,1096
108,1097
867,1097
1626,1097
109,1098
868,1098
1627,1098
110,814
869,814
1628,814
111,1099
870,1099
1629,1099
112,1100
871,1100
1630,1100
113,1101
872,1101
1631,1101
114,1102
873,1102
1632,1102
115,1103
874,1103
1633,1103
116,1104
875,1104
1634,1104
117,933
876,933
1635,933
118,1105
877,1105
1636,1105
119,1106
878,1106
1637,1106
120,1107
879,1107
1638,1107
121,1108
880,1108
1639,1108
122,1109
881,1109
1640,1109
123,1110
882,1110
1641,1110
124,1111
883,1111
1642,1111
125,1112
884,1112
1643,1112
126,1113
885,1113
1644,1113
127,1114
886,1114
1645,1114
128,52
887,52
1646,52
129,213
888,213
1647,213
130,35
889,35
1648,35
131,1115
890,1115
1649,1115
132,1116
891,1116
1650,1116
133,500
892,500
1651,500
134,1027
893,1027
1652,1027
135,428
894,428
1653,428
136,955
895,955
1654,955
137,31
896,31
1655,31
138,1117
897,1117
1656,1117
139,696
898,696
1657,696
140,1118
899,1118
1658,1118
141,129
900,129
1659,129
142,937
901,937
1660,937
143,1119
902,1119
1661,1119
144,1120
903,1120
1662,1120
145,1121
904,1121
1663,1121
146,1122
905,1122
1664,1122
147,1123
906,1123
1665,1123
148,1108
907,1108
1666,1108
149,535
908,535
1667,535
150,1124
909,1124
1668,1124
151,1125
910,1125
1669,1125
152,932
911,932
1670,932
153,1126
912,1126
1671,1126
154,1127
913,1127
1672,1127
155,1128
914,1128
1673,1128
156,517
915,517
1674,517
157,1129
916,1129
1675,1129
158,382
917,382
1676,382
159,1130
918,1130
1677,1130
160,1131
919,1131
1678,1131
161,364
920,364
1679,364
162,713
921,713
1680,713
163,1132
922,1132
1681,1132
164,1133
923,1133
1682,1133
165,1134
924,1134
1683,1134
166,1129
925,1129
1684,1129
167,1027
926,1027
1685,1027
168,1135
927,1135
1686,1135
169,1136
928,1136
1687,1136
170,217
929,217
1688,217
171,1137
930,1137
1689,1137
172,438
931,438
1690,438
173,1138
932,1138
1691,1138
174,1139
933,1139
1692,1139
175,1140
934,1140
1693,1140
176,139
935,139
1694,139
177,1141
936,1141
1695,1141
178,1142
937,1142
1696,1142
179,1143
938,1143
1697,1143
180,1144
939,1144
1698,1144
181,1145
940,1145
1699,1145
182,1146
941,1146
1700,1146
183,1147
942,1147
1701,1147
184,996
943,996
1702,996
185,1148
944,1148
1703,1148
186,1149
945,1149
1704,1149
187,1150
946,1150
1705,1150
188,1151
947,1151
1706,1151
189,497
948,497
1707,497
190,1064
949,1064
1708,1064
191,1152
950,1152
1709,1152
192,1153
951,1153
1710,1153
193,1154
952,1154
1711,1154
194,1155
953,1155
1712,1155
195,604
954,604
1713,604
196,1156
955,1156
1714,1156
197,1157
956,1157
1715,1157
198,1158
957,1158
1716,1158
199,1159
958,1159
1717,1159
200,1160
959,1160
1718,1160
201,1111
960,1111
1719,1111
202,1036
961,1036
1720,1036
203,1161
962,1161
1721,1161
204,52
963,52
1722,52
205,1162
964,1162
1723,1162
206,1163
965,1163
1724,1163
207,1164
966,1164
1725,1164
208,1165
967,1165
1726,1165
209,1166
968,1166
1727,1166
210,681
969,681
1728,681
211,1167
970,1167
1729,1167
212,1168
971,1168
1730,1168
213,1169
972,1169
1731,1169
214,668
973,668
1732,668
215,1170
974,1170
1733,1170
216,1171
975,1171
1734,1171
217,1172
976,1172
1735,1172
218,1173
977,1173
1736,1173
219,1174
978,1174
1737,1174
220,1175
979,1175
1738,1175
221,1176
980,1176
1739,1176
222,1177
981,1177
1740,1177
223,261
982,261
1741,261
224,188
983,188
1742,188
225,1178
984,1178
1743,1178
226,504
985,504
1744,504
227,1179
986,1179
1745,1179
228,1180
987,1180
1746,1180
229,1181
988,1181
1747,1181
230,1182
989,1182
1748,1182
231,1183
990,1183
1749,1183
232,1184
991,1184
1750,1184
233,1185
992,1185
1751,1185
234,1186
993,1186
1752,1186
235,1187
994,1187
1753,1187
236,911
995,911
1754,911
237,1188
996,1188
1755,1188
238,304
997,304
1756,304
239,1189
998,1189
1757,1189
240,1190
999,1190
1758,1190
241,1191
1000,1191
1759,1191
242,1192
1001,1192
1760,1192
243,1193
1002,1193
1761,1193
244,1194
1003,1194
1762,1194
245,1188
1004,1188
1763,1188
246,1195
1005,1195
1764,1195
247,1196
1006,1196
1765,1196
248,1197
1007,1197
1766,1197
249,1198
1008,1198
1767,1198
250,163
1009,163
1768,163
251,181
1010,181
1769,181
252,377
1011,377
1770,377
253,896
1012,896
1771,896
254,1199
1013,1199
1772,1199
255,1200
1014,1200
1773,1200
256,1055
1015,1055
1774,1055
257,1201
1016,1201
1775,1201
258,1202
1017,1202
1776,1202
259,1203
1018,1203
1777,1203
260,1204
1019,1204
1778,1204
261,363
1020,363
1779,363
262,1205
1021,1205
1780,1205
263,332
1022,332
1781,332
264,114
1023,114
1782,114
265,1206
1024,1206
1783,1206
266,546
1025,546
1784,546
267,1207
1026,1207
1785,1207
268,335
1027,335
1786,335
269,149
1028,149
1787,149
270,1208
1029,1208
1788,1208
271,1209
1030,1209
1789,1209
272,1210
1031,1210
1790,1210
273,692
1032,692
1791,692
274,1211
1033,1211
1792,1211
275,1212
1034,1212
1793,1212
276,1213
1035,1213
1794,1213
277,1214
1036,1214
1795,1214
278,1215
1037,1215
1796,1215
279,1216
1038,1216
1797,1216
280,1217
1039,1217
1798,1217
281,1218
1040,1218
1799,1218
282,451
1041,451
1800,451
283,887
1042,887
1801,887
284,1219
1043,1219
1802,1219
285,1220
1044,1220
1803,1220
286,1028
1045,1028
1804,1028
287,1221
1046,1221
1805,1221
288,1204
1047,1204
1806,1204
289,163
1048,163
1807,163
290,1222
1049,1222
1808,1222
291,1223
1050,1223
1809,1223
292,1224
1051,1224
1810,1224
293,1213
1052,1213
1811,1213
294,901
1053,901
1812,901
295,939
1054,939
1813,939
296,1221
1055,1221
1814,1221
297,1225
1056,1225
1815,1225
298,1226
1057,1226
1816,1226
299,677
1058,677
1817,677
300,1227
1059,1227
1818,1227
301,374
1060,374
1819,374
302,1228
1061,1228
1820,1228
303,1229
1062,1229
1821,1229
304,1230
1063,1230
1822,1230
305,1231
1064,1231
1823,1231
306,1232
1065,1232
1824,1232
307,1233
1066,1233
1825,1233
308,1234
1067,1234
1826,1234
309,1235
1068,1235
1827,1235
310,1236
1069,1236
1828,1236
311,1237
1070,1237
1829,1237
312,1238
1071,1238
1830,1238
313,1239
1072,1239
1831,1239
314,1240
1073,1240
1832,1240
315,1241
1074,1241
1833,1241
316,1242
1075,1242
1834,1242
317,1243
1076,1243
1835,1243
318,535
1077,535
1836,535
319,1244
1078,1244
1837,1244
320,1245
1079,1245
1838,1245
321,1246
1080,1246
1839,1246
322,1247
1081,1247
1840,1247
323,79
1082,79
1841,79
324,1248
1083,1248
1842,1248
325,1249
1084,1249
1843,1249
326,1250
1085,1250
1844,1250
327,1251
1086,1251
1845,1251
328,1252
1087,1252
1846,1252
329,1253
1088,1253
1847,1253
330,1254
1089,1254
1848,1254
331,1192
1090,1192
1849,1192
332,1255
1091,1255
1850,1255
333,1256
1092,1256
1851,1256
334,1257
1093,1257
1852,1257
335,1258
1094,1258
1853,1258
336,1259
1095,1259
1854,1259
337,1260
1096,1260
1855,1260
338,1261
1097,1261
1856,1261
339,1262
1098,1262
1857,1262
340,1263
1099,1263
1858,1263
341,1264
1100,1264
1859,1264
342,1265
1101,1265
1860,1265
343,1266
1102,1266
1861,1266
344,1267
1103,1267
1862,1267
345,1268
1104,1268
1863,1268
346,334
1105,334
1864,334
347,1052
1106,1052
1865,1052
348,1269
1107,1269
1866,1269
349,1270
1108,1270
1867,1270
350,1271
1109,1271
1868,1271
351,1272
1110,1272
1869,1272
352,1273
1111,1273
1870,1273
353,1274
1112,1274
1871,1274
354,1275
1113,1275
1872,1275
355,1276
1114,1276
1873,1276
356,1277
1115,1277
1874,1277
357,1052
1116,1052
1875,1052
358,1278
1117,1278
1876,1278
359,1279
1118,1279
1877,1279
360,1280
1119,1280
1878,1280
361,1281
1120,1281
1879,1281
362,1282
1121,1282
1880,1282
363,1283
1122,1283
1881,1283
364,1284
1123,1284
1882,1284
365,1285
1124,1285
1883,1285
366,1286
1125,1286
1884,1286
367,134
1126,134
1885,134
368,1287
1127,1287
1886,1287
369,1288
1128,1288
1887,1288
370,1289
1129,1289
1888,1289
371,1290
1130,1290
1889,1290
372,1291
1131,1291
1890,1291
373,1292
1132,1292
1891,1292
374,1293
1133,1293
1892,1293
375,1294
1134,1294
1893,1294
376,1295
1135,1295
1894,1295
377,1296
1136,1296
1895,1296
378,1297
1137,1297
1896,1297
379,1298
1138,1298
1897,1298
380,1299
1139,1299
1898,1299
381,1300
1140,1300
1899,1300
382,1301
1141,1301
1900,1301
383,1302
1142,1302
1901,1302
384,1303
1143,1303
1902,1303
385,1304
1144,1304
1903,1304
386,1305
1145,1305
1904,1305
387,499
1146,499
1905,499
388,284
1147,284
1906,284
389,1306
1148,1306
1907,1306
390,1307
1149,1307
1908,1307
391,1308
1150,1308
1909,1308
392,937
1151,937
1910,937
393,1309
1152,1309
1911,1309
394,1310
1153,1310
1912,1310
395,1311
1154,1311
1913,1311
396,1312
1155,1312
1914,1312
397,1313
1156,1313
1915,1313
398,1314
1157,1314
1916,1314
399,1315
1158,1315
1917,1315
400,151
1159,151
1918,151
401,1316
1160,1316
1919,1316
402,1317
1161,1317
1920,1317
403,1318
1162,1318
1921,1318
404,396
1163,396
1922,396
405,1319
1164,1319
1923,1319
406,1320
1165,1320
1924,1320
407,405
1166,405
1925,405
408,1321
1167,1321
1926,1321
409,1322
1168,1322
1927,1322
410,1323
1169,1323
1928,1323
411,1324
1170,1324
1929,1324
412,216
1171,216
1930,216
413,490
1172,490
1931,490
414,1325
1173,1325
1932,1325
415,229
1174,229
1933,229
416,1326
1175,1326
1934,1326
417,1327
1176,1327
1935,1327
418,447
1177,447
1936,447
419,818
1178,818
1937,818
420,384
1179,384
1938,384
421,1328
1180,1328
1939,1328
422,1329
1181,1329
1940,1329
423,1330
1182,1330
1941,1330
424,500
1183,500
1942,500
425,1331
1184,1331
1943,1331
426,1332
1185,1332
1944,1332
427,1333
1186,1333
1945,1333
428,1334
1187,1334
1946,1334
429,1335
1188,1335
1947,1335
430,1336
1189,1336
1948,1336
431,324
1190,324
1949,324
432,1009
1191,1009
1950,1009
433,1337
1192,1337
1951,1337
434,1338
1193,1338
1952,1338
435,1339
1194,1339
1953,1339
436,1340
1195,1340
1954,1340
437,1341
1196,1341
1955,1341
438,1342
1197,1342
1956,1342
439,1343
1198,1343
1957,1343
440,1063
1199,1063
1958,1063
441,1344
1200,1344
1959,1344
442,1052
1201,1052
1960,1052
443,1345
1202,1345
1961,1345
444,1346
1203,1346
1962,1346
445,1347
1204,1347
1963,1347
446,1348
1205,1348
1964,1348
447,1327
1206,1327
1965,1327
448,1349
1207,1349
1966,1349
449,1350
1208,1350
1967,1350
450,806
1209,806
1968,806
451,11
1210,11
1969,11
452,1253
1211,1253
1970,1253
453,518
1212,518
1971,518
454,1345
1213,1345
1972,1345
455,867
1214,867
1973,867
456,1351
1215,1351
1974,1351
457,1352
1216,1352
1975,1352
458,1353
1217,1353
1976,1353
459,1354
1218,1354
1977,1354
460,605
1219,605
1978,605
461,1355
1220,1355
1979,1355
462,1356
1221,1356
1980,1356
463,1357
1222,1357
1981,1357
464,19
1223,19
1982,19
465,1358
1224,1358
1983,1358
466,1359
1225,1359
1984,1359
467,1360
1226,1360
1985,1360
468,1361
1227,1361
1986,1361
469,1362
1228,1362
1987,1362
470,1363
1229,1363
1988,1363
471,1364
1230,1364
1989,1364
472,1211
1231,1211
1990,1211
473,1365
1232,1365
1991,1365
474,1366
1233,1366
1992,1366
475,1367
1234,1367
1993,1367
476,1368
1235,1368
1994,1368
477,1369
1236,1369
1995,1369
478,1370
1237,1370
1996,1370
479,1253
1238,1253
1997,1253
480,1179
1239,1179
1998,1179
481,1371
1240,1371
1999,1371
482,491
1241,491
2000,491
483,1372
1242,1372
2001,1372
484,1373
1243,1373
2002,1373
485,1374
1244,1374
2003,1374
486,1375
1245,1375
2004,1375
487,557
1246,557
2005,557
488,373
1247,373
2006,373
489,1376
1248,1376
2007,1376
490,72
1249,72
2008,72
491,873
1250,873
2009,873
492,1056
1251,1056
2010,1056
493,1377
1252,1377
2011,1377
494,1378
1253,1378
2012,1378
495,1106
1254,1106
2013,1106
496,1379
1255,1379
2014,1379
498,370
1257,370
2015,370
499,551
1258,551
2016,551
500,1380
1259,1380
2017,1380
501,408
1260,408
2018,408
502,1210
1261,1210
2019,1210
503,996
1262,996
2020,996
504,1381
1263,1381
2021,1381
505,1382
1264,1382
2022,1382
506,1383
1265,1383
2023,1383
507,1384
1266,1384
2024,1384
508,1385
1267,1385
2025,1385
509,817
1268,817
2026,817
510,1386
1269,1386
2027,1386
511,355
1270,355
2028,355
512,1387
1271,1387
2029,1387
513,996
1272,996
2030,996
514,1388
1273,1388
2031,1388
515,1389
1274,1389
2032,1389
516,1390
1275,1390
2033,1390
517,1391
1276,1391
2034,1391
518,1392
1277,1392
2035,1392
519,1393
1278,1393
2036,1393
520,1394
1279,1394
2037,1394
521,1395
1280,1395
2038,1395
522,869
1281,869
2039,869
523,435
1282,435
2040,435
524,920
1283,920
2041,920
525,1388
1284,1388
2042,1388
526,1396
1285,1396
2043,1396
527,1395
1286,1395
2044,1395
528,1210
1287,1210
2045,1210
529,1397
1288,1397
2046,1397
530,1398
1289,1398
2047,1398
531,1399
1290,1399
2048,1399
532,1400
1291,1400
2049,1400
533,428
1292,428
2050,428
534,631
1293,631
2051,631
535,1401
1294,1401
2052,1401
536,1402
1295,1402
2053,1402
537,1403
1296,1403
2054,1403
538,780
1297,780
2055,780
539,1404
1298,1404
2056,1404
540,1405
1299,1405
2057,1405
541,1236
1300,1236
2058,1236
542,631
1301,631
2059,631
543,1406
1302,1406
2060,1406
544,1407
1303,1407
2061,1407
545,1408
1304,1408
2062,1408
546,631
1305,631
2063,631
547,631
1306,631
2064,631
548,1409
1307,1409
2065,1409
549,1410
1308,1410
2066,1410
550,1411
1309,1411
2067,1411
551,1412
1310,1412
2068,1412
552,302
1311,302
2069,302
553,346
1312,346
2070,346
554,1413
1313,1413
2071,1413
555,1330
1314,1330
2072,1330
556,1414
1315,1414
2073,1414
557,1415
1316,1415
2074,1415
558,1416
1317,1416
2075,1416
559,1413
1318,1413
2076,1413
560,1417
1319,1417
2077,1417
561,1418
1320,1418
2078,1418
562,1419
1321,1419
2079,1419
563,1420
1322,1420
2080,1420
564,363
1323,363
2081,363
565,1421
1324,1421
2082,1421
566,1422
1325,1422
2083,1422
567,1423
1326,1423
2084,1423
568,1424
1327,1424
2085,1424
569,1425
1328,1425
2086,1425
570,1426
1329,1426
2087,1426
571,1427
1330,1427
2088,1427
572,32
1331,32
2089,32
573,222
1332,222
2090,222
574,213
1333,213
2091,213
575,1428
1334,1428
2092,1428
576,1429
1335,1429
2093,1429
577,61
1336,61
2094,61
578,1430
1337,1430
2095,1430
579,1431
1338,1431
2096,1431
580,1432
1339,1432
2097,1432
581,108
1340,108
2098,108
582,61
1341,61
2099,61
583,1433
1342,1433
2100,1433
584,1434
1343,1434
2101,1434
585,195
1344,195
2102,195
586,1435
1345,1435
2103,1435
587,502
1346,502
2104,502
588,44
1347,44
2105,44
589,1067
1348,1067
2106,1067
590,359
1349,359
2107,359
591,22
1350,22
2108,22
592,1436
1351,1436
2109,1436
593,1437
1352,1437
2110,1437
594,1438
1353,1438
2111,1438
595,438
1354,438
2112,438
596,44
1355,44
2113,44
597,392
1356,392
2114,392
598,1439
1357,1439
2115,1439
599,1326
1358,1326
2116,1326
600,448
1359,448
2117,448
601,1440
1360,1440
2118,1440
602,1072
1361,1072
2119,1072
603,1441
1362,1441
2120,1441
604,1420
1363,1420
2121,1420
605,381
1364,381
2122,381
606,1065
1365,1065
2123,1065
607,1442
1366,1442
2124,1442
608,1443
1367,1443
2125,1443
609,168
1368,168
2126,168
610,432
1369,432
2127,432
611,603
1370,603
2128,603
612,1444
1371,1444
2129,1444
613,687
1372,687
2130,687
614,1445
1373,1445
2131,1445
615,429
1374,429
2132,429
616,897
1375,897
2133,897
617,1446
1376,1446
2134,1446
618,448
1377,448
2135,448
619,1447
1378,1447
2136,1447
620,1448
1379,1448
2137,1448
621,1449
1380,1449
2138,1449
622,1117
1381,1117
2139,1117
623,1450
1382,1450
2140,1450
624,1451
1383,1451
2141,1451
625,6
1384,6
2142,6
626,1439
1385,1439
2143,1439
627,1452
1386,1452
2144,1452
628,1453
1387,1453
2145,1453
629,393
1388,393
2146,393
630,1454
1389,1454
2147,1454
631,1455
1390,1455
2148,1455
632,1456
1391,1456
2149,1456
633,517
1392,517
2150,517
634,1457
1393,1457
2151,1457
635,508
1394,508
2152,508
636,100
1395,100
2153,100
637,1458
1396,1458
2154,1458
638,1459
1397,1459
2155,1459
639,1221
1398,1221
2156,1221
640,1460
1399,1460
2157,1460
641,1461
1400,1461
2158,1461
642,963
1401,963
2159,963
643,1462
1402,1462
2160,1462
644,566
1403,566
2161,566
645,843
1404,843
2162,843
646,473
1405,473
2163,473
647,1457
1406,1457
2164,1457
648,1463
1407,1463
2165,1463
649,1464
1408,1464
2166,1464
650,1465
1409,1465
2167,1465
651,1466
1410,1466
2168,1466
652,138
1411,138
2169,138
653,1467
1412,1467
2170,1467
654,1468
1413,1468
2171,1468
655,1319
1414,1319
2172,1319
656,1469
1415,1469
2173,1469
657,1470
1416,1470
2174,1470
658,1471
1417,1471
2175,1471
659,1472
1418,1472
2176,1472
660,1473
1419,1473
2177,1473
661,1474
1420,1474
2178,1474
662,289
1421,289
2179,289
663,598
1422,598
2180,598
664,370
1423,370
2181,370
665,1475
1424,1475
2182,1475
666,1476
1425,1476
2183,1476
667,1477
1426,1477
2184,1477
668,1478
1427,1478
2185,1478
669,1479
1428,1479
2186,1479
670,1480
1429,1480
2187,1480
671,1481
1430,1481
2188,1481
672,1482
1431,1482
2189,1482
673,105
1432,105
2190,105
674,1483
1433,1483
2191,1483
675,1484
1434,1484
2192,1484
676,136
1435,136
2193,136
677,1356
1436,1356
2194,1356
678,216
1437,216
2195,216
679,1485
1438,1485
2196,1485
680,573
1439,573
2197,573
681,1486
1440,1486
2198,1486
682,689
1441,689
2199,689
683,1443
1442,1443
2200,1443
684,1347
1443,1347
2201,1347
685,689
1444,689
2202,689
686,1487
1445,1487
2203,1487
687,1488
1446,1488
2204,1488
688,1489
1447,1489
2205,1489
689,328
1448,328
2206,328
690,1490
1449,1490
2207,1490
691,1491
1450,1491
2208,1491
692,1492
1451,1492
2209,1492
693,850
1452,850
2210,850
694,1493
1453,1493
2211,1493
695,1332
1454,1332
2212,1332
696,1494
1455,1494
2213,1494
697,1495
1456,1495
2214,1495
698,1496
1457,1496
2215,1496
699,1497
1458,1497
2216,1497
700,1498
1459,1498
2217,1498
701,302
1460,302
2218,302
702,1499
1461,1499
2219,1499
703,319
1462,319
2220,319
704,1082
1463,1082
2221,1082
705,383
1464,383
2222,383
706,1500
1465,1500
2223,1500
707,1501
1466,1501
2224,1501
708,1266
1467,1266
2225,1266
709,1502
1468,1502
2226,1502
710,1015
1469,1015
2227,1015
711,246
1470,246
2228,246
712,1503
1471,1503
2229,1503
713,580
1472,580
2230,580
714,1504
1473,1504
2231,1504
715,1075
1474,1075
2232,1075
716,1505
1475,1505
2233,1505
717,1131
1476,1131
2234,1131
718,432
1477,432
2235,432
719,1506
1478,1506
2236,1506
720,1507
1479,1507
2237,1507
721,1508
1480,1508
2238,1508
722,52
1481,52
2239,52
723,1509
1482,1509
2240,1509
724,1510
1483,1510
2241,1510
725,1511
1484,1511
2242,1511
726,1480
1485,1480
2243,1480
727,1325
1486,1325
2244,1325
728,1512
1487,1512
2245,1512
729,333
1488,333
2246,333
730,1513
1489,1513
2247,1513
731,1514
1490,1514
2248,1514
732,1493
1491,1493
2249,1493
733,1515
1492,1515
2250,1515
734,504
1493,504
2251,504
735,1516
1494,1516
2252,1516
736,244
1495,244
2253,244
737,1384
1496,1384
2254,1384
738,1142
1497,1142
2255,1142
739,922
1498,922
2256,922
740,553
1499,553
2257,553
741,1517
1500,1517
2258,1517
742,1518
1501,1518
2259,1518
743,774
1502,774
2260,774
744,1519
1503,1519
2261,1519
745,1520
1504,1520
2262,1520
746,1521
1505,1521
2263,1521
747,1522
1506,1522
2264,1522
748,1523
1507,1523
2265,1523
749,1524
1508,1524
2266,1524
750,707
1509,707
2267,707
751,1525
1510,1525
2268,1525
752,1526
1511,1526
2269,1526
753,1527
1512,1527
2270,1527
754,1528
1513,1528
2271,1528
756,1529
1515,1529
2272,1529
757,1213
1516,1213
2273,1213
758,1530
1517,1530
2274,1530
759,1531
1518,1531
2275,1531
1,1532
760,1532
1519,1532
2,1533
761,1533
1520,1533
3,561
762,561
1521,561
4,547
763,547
1522,547
5,1534
764,1534
1523,1534
6,1535
765,1535
1524,1535
7,1536
766,1536
1525,1536
8,1537
767,1537
1526,1537
9,1538
768,1538
1527,1538
10,1539
769,1539
1528,1539
11,1540
770,1540
1529,1540
12,1541
771,1541
1530,1541
13,1542
772,1542
1531,1542
14,1543
773,1543
1532,1543
15,1544
774,1544
1533,1544
16,1545
775,1545
1534,1545
17,1546
776,1546
1535,1546
18,845
777,845
1536,845
19,842
778,842
1537,842
20,1547
779,1547
1538,1547
21,1548
780,1548
1539,1548
22,987
781,987
1540,987
23,1549
782,1549
1541,1549
24,1550
783,1550
1542,1550
25,1551
784,1551
1543,1551
26,1552
785,1552
1544,1552
27,957
786,957
1545,957
28,1553
787,1553
1546,1553
29,1135
788,1135
1547,1135
30,1554
789,1554
1548,1554
31,646
790,646
1549,646
32,1555
791,1555
1550,1555
33,1556
792,1556
1551,1556
34,1236
793,1236
1552,1236
35,1557
794,1557
1553,1557
36,1558
795,1558
1554,1558
37,1559
796,1559
1555,1559
38,1560
797,1560
1556,1560
39,1561
798,1561
1557,1561
40,1562
799,1562
1558,1562
41,1563
800,1563
1559,1563
42,1564
801,1564
1560,1564
43,1565
802,1565
1561,1565
44,1566
803,1566
1562,1566
45,1567
804,1567
1563,1567
46,1568
805,1568
1564,1568
47,1569
806,1569
1565,1569
48,1570
807,1570
1566,1570
49,685
808,685
1567,685
50,1571
809,1571
1568,1571
51,1459
810,1459
1569,1459
52,1572
811,1572
1570,1572
53,1573
812,1573
1571,1573
54,1574
813,1574
1572,1574
55,1575
814,1575
1573,1575
56,1576
815,1576
1574,1576
57,1577
816,1577
1575,1577
58,1578
817,1578
1576,1578
59,1579
818,1579
1577,1579
60,443
819,443
1578,443
61,1580
820,1580
1579,1580
62,1581
821,1581
1580,1581
63,1582
822,1582
1581,1582
64,1583
823,1583
1582,1583
65,1584
824,1584
1583,1584
66,1585
825,1585
1584,1585
67,1586
826,1586
1585,1586
68,538
827,538
1586,538
69,1555
828,1555
1587,1555
70,1114
829,1114
1588,1114
71,1587
830,1587
1589,1587
72,1588
831,1588
1590,1588
73,381
832,381
1591,381
74,239
833,239
1592,239
75,1589
834,1589
1593,1589
76,1590
835,1590
1594,1590
77,1591
836,1591
1595,1591
78,319
837,319
1596,319
79,345
838,345
1597,345
80,1592
839,1592
1598,1592
81,1593
840,1593
1599,1593
82,1594
841,1594
1600,1594
83,1595
842,1595
1601,1595
84,576
843,576
1602,576
85,1596
844,1596
1603,1596
86,873
845,873
1604,873
87,1597
846,1597
1605,1597
88,1598
847,1598
1606,1598
89,1599
848,1599
1607,1599
90,1600
849,1600
1608,1600
91,1601
850,1601
1609,1601
92,1602
851,1602
1610,1602
93,1603
852,1603
1611,1603
94,286
853,286
1612,286
95,438
854,438
1613,438
96,1604
855,1604
1614,1604
97,1605
856,1605
1615,1605
98,890
857,890
1616,890
99,1606
858,1606
1617,1606
100,1607
859,1607
1618,1607
101,1608
860,1608
1619,1608
102,1609
861,1609
1620,1609
103,1610
862,1610
1621,1610
104,1611
863,1611
1622,1611
105,1612
864,1612
1623,1612
106,1613
865,1613
1624,1613
107,1614
866,1614
1625,1614
108,1615
867,1615
1626,1615
109,1616
868,1616
1627,1616
110,1617
869,1617
1628,1617
111,1504
870,1504
1629,1504
112,637
871,637
1630,637
113,1618
872,1618
1631,1618
114,1619
873,1619
1632,1619
115,1620
874,1620
1633,1620
116,1621
875,1621
1634,1621
117,1622
876,1622
1635,1622
118,1623
877,1623
1636,1623
119,182
878,182
1637,182
120,1624
879,1624
1638,1624
121,1625
880,1625
1639,1625
122,1626
881,1626
1640,1626
123,1627
882,1627
1641,1627
124,1628
883,1628
1642,1628
125,1629
884,1629
1643,1629
126,558
885,558
1644,558
127,1630
886,1630
1645,1630
128,1391
887,1391
1646,1391
129,1631
888,1631
1647,1631
130,1385
889,1385
1648,1385
131,445
890,445
1649,445
132,1632
891,1632
1650,1632
133,497
892,497
1651,497
134,427
893,427
1652,427
135,247
894,247
1653,247
136,146
895,146
1654,146
137,962
896,962
1655,962
138,1633
897,1633
1656,1633
139,1634
898,1634
1657,1634
140,1635
899,1635
1658,1635
141,1636
900,1636
1659,1636
142,549
901,549
1660,549
143,1637
902,1637
1661,1637
144,1638
903,1638
1662,1638
145,1419
904,1419
1663,1419
146,1639
905,1639
1664,1639
147,1640
906,1640
1665,1640
148,472
907,472
1666,472
149,1641
908,1641
1667,1641
150,1642
909,1642
1668,1642
151,1643
910,1643
1669,1643
152,1644
911,1644
1670,1644
153,1645
912,1645
1671,1645
154,573
913,573
1672,573
155,1646
914,1646
1673,1646
156,1647
915,1647
1674,1647
157,1648
916,1648
1675,1648
158,1649
917,1649
1676,1649
159,122
918,122
1677,122
160,1650
919,1650
1678,1650
161,1651
920,1651
1679,1651
162,1652
921,1652
1680,1652
163,1653
922,1653
1681,1653
164,1654
923,1654
1682,1654
165,1105
924,1105
1683,1105
166,282
925,282
1684,282
167,566
926,566
1685,566
168,1655
927,1655
1686,1655
169,1656
928,1656
1687,1656
170,871
929,871
1688,871
171,1657
930,1657
1689,1657
172,1658
931,1658
1690,1658
173,2
932,2
1691,2
174,1659
933,1659
1692,1659
175,1660
934,1660
1693,1660
176,1123
935,1123
1694,1123
177,978
936,978
1695,978
178,1336
937,1336
1696,1336
179,797
938,797
1697,797
180,1661
939,1661
1698,1661
181,1662
940,1662
1699,1662
182,1663
941,1663
1700,1663
183,1664
942,1664
1701,1664
184,1665
943,1665
1702,1665
185,1666
944,1666
1703,1666
186,736
945,736
1704,736
187,1667
946,1667
1705,1667
188,1505
947,1505
1706,1505
189,885
948,885
1707,885
190,1668
949,1668
1708,1668
191,1669
950,1669
1709,1669
192,1670
951,1670
1710,1670
193,1671
952,1671
1711,1671
194,1672
953,1672
1712,1672
195,1673
954,1673
1713,1673
196,1637
955,1637
1714,1637
197,1674
956,1674
1715,1674
198,1675
957,1675
1716,1675
199,1676
958,1676
1717,1676
200,1677
959,1677
1718,1677
201,1678
960,1678
1719,1678
202,1679
961,1679
1720,1679
203,1680
962,1680
1721,1680
204,1681
963,1681
1722,1681
205,1682
964,1682
1723,1682
206,1683
965,1683
1724,1683
207,1684
966,1684
1725,1684
208,1685
967,1685
1726,1685
209,1686
968,1686
1727,1686
210,1687
969,1687
1728,1687
211,1688
970,1688
1729,1688
212,1689
971,1689
1730,1689
213,1690
972,1690
1731,1690
214,1691
973,1691
1732,1691
215,1692
974,1692
1733,1692
216,230
975,230
1734,230
217,1693
976,1693
1735,1693
218,1694
977,1694
1736,1694
219,1695
978,1695
1737,1695
220,1696
979,1696
1738,1696
221,1697
980,1697
1739,1697
222,939
981,939
1740,939
223,438
982,438
1741,438
224,1698
983,1698
1742,1698
225,1699
984,1699
1743,1699
226,667
985,667
1744,667
227,1700
986,1700
1745,1700
228,1701
987,1701
1746,1701
229,1702
988,1702
1747,1702
230,1703
989,1703
1748,1703
231,1514
990,1514
1749,1514
232,1704
991,1704
1750,1704
233,1705
992,1705
1751,1705
234,1566
993,1566
1752,1566
235,206
994,206
1753,206
236,412
995,412
1754,412
237,1706
996,1706
1755,1706
238,1707
997,1707
1756,1707
239,1708
998,1708
1757,1708
240,1709
999,1709
1758,1709
241,1710
1000,1710
1759,1710
242,1711
1001,1711
1760,1711
243,1712
1002,1712
1761,1712
244,1713
1003,1713
1762,1713
245,1563
1004,1563
1763,1563
246,1714
1005,1714
1764,1714
247,1715
1006,1715
1765,1715
248,1037
1007,1037
1766,1037
249,244
1008,244
1767,244
250,1716
1009,1716
1768,1716
251,1717
1010,1717
1769,1717
252,363
1011,363
1770,363
253,1364
1012,1364
1771,1364
254,319
1013,319
1772,319
255,1718
1014,1718
1773,1718
256,1210
1015,1210
1774,1210
257,80
1016,80
1775,80
258,1719
1017,1719
1776,1719
259,1720
1018,1720
1777,1720
260,588
1019,588
1778,588
261,667
1020,667
1779,667
262,1721
1021,1721
1780,1721
263,1722
1022,1722
1781,1722
264,1345
1023,1345
1782,1345
265,1723
1024,1723
1783,1723
266,244
1025,244
1784,244
267,172
1026,172
1785,172
268,1724
1027,1724
1786,1724
269,240
1028,240
1787,240
270,1725
1029,1725
1788,1725
271,872
1030,872
1789,872
272,380
1031,380
1790,380
273,1726
1032,1726
1791,1726
274,202
1033,202
1792,202
275,1727
1034,1727
1793,1727
276,1497
1035,1497
1794,1497
277,1728
1036,1728
1795,1728
278,515
1037,515
1796,515
279,1729
1038,1729
1797,1729
280,1221
1039,1221
1798,1221
281,1730
1040,1730
1799,1730
282,1731
1041,1731
1800,1731
283,1732
1042,1732
1801,1732
284,1733
1043,1733
1802,1733
285,1734
1044,1734
1803,1734
286,1735
1045,1735
1804,1735
287,1736
1046,1736
1805,1736
288,1737
1047,1737
1806,1737
289,1738
1048,1738
1807,1738
290,706
1049,706
1808,706
291,1739
1050,1739
1809,1739
292,1740
1051,1740
1810,1740
293,1496
1052,1496
1811,1496
294,1218
1053,1218
1812,1218
295,605
1054,605
1813,605
296,1741
1055,1741
1814,1741
297,1742
1056,1742
1815,1742
298,1743
1057,1743
1816,1743
299,1696
1058,1696
1817,1696
300,1744
1059,1744
1818,1744
301,236
1060,236
1819,236
302,1745
1061,1745
1820,1745
303,1746
1062,1746
1821,1746
304,1747
1063,1747
1822,1747
305,1748
1064,1748
1823,1748
306,1749
1065,1749
1824,1749
307,1750
1066,1750
1825,1750
308,1541
1067,1541
1826,1541
309,1751
1068,1751
1827,1751
310,1752
1069,1752
1828,1752
311,1395
1070,1395
1829,1395
312,1753
1071,1753
1830,1753
313,1754
1072,1754
1831,1754
314,1755
1073,1755
1832,1755
315,1756
1074,1756
1833,1756
316,1757
1075,1757
1834,1757
317,1758
1076,1758
1835,1758
318,1759
1077,1759
1836,1759
319,1760
1078,1760
1837,1760
320,1761
1079,1761
1838,1761
321,1762
1080,1762
1839,1762
322,1763
1081,1763
1840,1763
323,1764
1082,1764
1841,1764
324,1765
1083,1765
1842,1765
325,1766
1084,1766
1843,1766
326,1767
1085,1767
1844,1767
327,1768
1086,1768
1845,1768
328,1769
1087,1769
1846,1769
329,1770
1088,1770
1847,1770
330,1771
1089,1771
1848,1771
331,1772
1090,1772
1849,1772
332,1773
1091,1773
1850,1773
333,1774
1092,1774
1851,1774
334,1775
1093,1775
1852,1775
335,1776
1094,1776
1853,1776
336,1777
1095,1777
1854,1777
337,1778
1096,1778
1855,1778
338,1779
1097,1779
1856,1779
339,1780
1098,1780
1857,1780
340,1781
1099,1781
1858,1781
341,1782
1100,1782
1859,1782
342,1783
1101,1783
1860,1783
343,1784
1102,1784
1861,1784
344,1785
1103,1785
1862,1785
345,1254
1104,1254
1863,1254
346,1562
1105,1562
1864,1562
347,1786
1106,1786
1865,1786
348,1787
1107,1787
1866,1787
349,1537
1108,1537
1867,1537
350,1788
1109,1788
1868,1788
351,1789
1110,1789
1869,1789
352,1790
1111,1790
1870,1790
353,59
1112,59
1871,59
354,1791
1113,1791
1872,1791
355,1792
1114,1792
1873,1792
356,1793
1115,1793
1874,1793
357,1794
1116,1794
1875,1794
358,843
1117,843
1876,843
359,1795
1118,1795
1877,1795
360,1796
1119,1796
1878,1796
361,1797
1120,1797
1879,1797
362,1798
1121,1798
1880,1798
363,1799
1122,1799
1881,1799
364,1800
1123,1800
1882,1800
365,1801
1124,1801
1883,1801
366,1802
1125,1802
1884,1802
367,108
1126,108
1885,108
368,250
1127,250
1886,250
369,1803
1128,1803
1887,1803
370,1804
1129,1804
1888,1804
371,1805
1130,1805
1889,1805
372,1806
1131,1806
1890,1806
373,1807
1132,1807
1891,1807
374,1808
1133,1808
1892,1808
375,599
1134,599
1893,599
376,1809
1135,1809
1894,1809
377,1810
1136,1810
1895,1810
378,1811
1137,1811
1896,1811
379,1812
1138,1812
1897,1812
380,1813
1139,1813
1898,1813
381,1814
1140,1814
1899,1814
382,1815
1141,1815
1900,1815
383,1816
1142,1816
1901,1816
384,1817
1143,1817
1902,1817
385,1818
1144,1818
1903,1818
386,1819
1145,1819
1904,1819
387,1820
1146,1820
1905,1820
388,1821
1147,1821
1906,1821
389,1822
1148,1822
1907,1822
390,1823
1149,1823
1908,1823
391,1824
1150,1824
1909,1824
392,1825
1151,1825
1910,1825
393,1826
1152,1826
1911,1826
394,1827
1153,1827
1912,1827
395,1828
1154,1828
1913,1828
396,482
1155,482
1914,482
397,1829
1156,1829
1915,1829
398,1830
1157,1830
1916,1830
399,1831
1158,1831
1917,1831
400,1832
1159,1832
1918,1832
401,1500
1160,1500
1919,1500
402,599
1161,599
1920,599
403,1833
1162,1833
1921,1833
404,1834
1163,1834
1922,1834
405,1835
1164,1835
1923,1835
406,1836
1165,1836
1924,1836
407,1837
1166,1837
1925,1837
408,244
1167,244
1926,244
409,308
1168,308
1927,308
410,430
1169,430
1928,430
411,472
1170,472
1929,472
412,203
1171,203
1930,203
413,1838
1172,1838
1931,1838
414,1113
1173,1113
1932,1113
415,1332
1174,1332
1933,1332
416,1693
1175,1693
1934,1693
417,1113
1176,1113
1935,1113
418,1839
1177,1839
1936,1839
419,1840
1178,1840
1937,1840
420,1841
1179,1841
1938,1841
421,203
1180,203
1939,203
422,1842
1181,1842
1940,1842
423,308
1182,308
1941,308
424,1707
1183,1707
1942,1707
425,1843
1184,1843
1943,1843
426,384
1185,384
1944,384
427,1844
1186,1844
1945,1844
428,230
1187,230
1946,230
429,1845
1188,1845
1947,1845
430,1846
1189,1846
1948,1846
431,706
1190,706
1949,706
432,1751
1191,1751
1950,1751
433,1847
1192,1847
1951,1847
434,1848
1193,1848
1952,1848
435,1849
1194,1849
1953,1849
436,222
1195,222
1954,222
437,1850
1196,1850
1955,1850
438,1139
1197,1139
1956,1139
439,1851
1198,1851
1957,1851
440,1852
1199,1852
1958,1852
441,1853
1200,1853
1959,1853
442,1854
1201,1854
1960,1854
443,813
1202,813
1961,813
444,1855
1203,1855
1962,1855
445,464
1204,464
1963,464
446,250
1205,250
1964,250
447,960
1206,960
1965,960
448,1856
1207,1856
1966,1856
449,1857
1208,1857
1967,1857
450,1253
1209,1253
1968,1253
451,1858
1210,1858
1969,1858
452,286
1211,286
1970,286
453,1470
1212,1470
1971,1470
454,1859
1213,1859
1972,1859
455,716
1214,716
1973,716
456,1860
1215,1860
1974,1860
457,1861
1216,1861
1975,1861
458,1862
1217,1862
1976,1862
459,747
1218,747
1977,747
460,1863
1219,1863
1978,1863
461,1864
1220,1864
1979,1864
462,1865
1221,1865
1980,1865
463,1866
1222,1866
1981,1866
464,1867
1223,1867
1982,1867
465,414
1224,414
1983,414
466,1726
1225,1726
1984,1726
467,560
1226,560
1985,560
468,1868
1227,1868
1986,1868
469,1549
1228,1549
1987,1549
470,1869
1229,1869
1988,1869
471,1173
1230,1173
1989,1173
472,745
1231,745
1990,745
473,1870
1232,1870
1991,1870
474,1871
1233,1871
1992,1871
475,1872
1234,1872
1993,1872
476,1873
1235,1873
1994,1873
477,1874
1236,1874
1995,1874
478,1875
1237,1875
1996,1875
479,1876
1238,1876
1997,1876
480,180
1239,180
1998,180
481,1877
1240,1877
1999,1877
482,1714
1241,1714
2000,1714
483,1852
1242,1852
2001,1852
484,1878
1243,1878
2002,1878
485,1879
1244,1879
2003,1879
486,1880
1245,1880
2004,1880
487,1881
1246,1881
2005,1881
488,158
1247,158
2006,158
489,1882
1248,1882
2007,1882
490,364
1249,364
2008,364
491,1883
1250,1883
2009,1883
492,595
1251,595
2010,595
493,1884
1252,1884
2011,1884
494,1885
1253,1885
2012,1885
495,1886
1254,1886
2013,1886
496,1887
1255,1887
2014,1887
498,1888
1257,1888
2015,1888
499,1889
1258,1889
2016,1889
500,1890
1259,1890
2017,1890
501,1891
1260,1891
2018,1891
502,1892
1261,1892
2019,1892
503,1423
1262,1423
2020,1423
504,1893
1263,1893
2021,1893
505,637
1264,637
2022,637
506,848
1265,848
2023,848
507,1894
1266,1894
2024,1894
508,1071
1267,1071
2025,1071
509,588
1268,588
2026,588
510,1895
1269,1895
2027,1895
511,1896
1270,1896
2028,1896
512,1897
1271,1897
2029,1897
513,1423
1272,1423
2030,1423
514,1898
1273,1898
2031,1898
515,1899
1274,1899
2032,1899
516,1900
1275,1900
2033,1900
517,1901
1276,1901
2034,1901
518,1000
1277,1000
2035,1000
519,1902
1278,1902
2036,1902
520,1903
1279,1903
2037,1903
521,1904
1280,1904
2038,1904
522,1391
1281,1391
2039,1391
523,1905
1282,1905
2040,1905
524,7
1283,7
2041,7
525,1134
1284,1134
2042,1134
526,1906
1285,1906
2043,1906
527,442
1286,442
2044,442
528,1550
1287,1550
2045,1550
529,1907
1288,1907
2046,1907
530,1908
1289,1908
2047,1908
532,1496
1291,1496
2049,1496
533,247
1292,247
2050,247
534,1909
1293,1909
2051,1909
535,1910
1294,1910
2052,1910
536,1115
1295,1115
2053,1115
537,1743
1296,1743
2054,1743
538,1911
1297,1911
2055,1911
539,1446
1298,1446
2056,1446
540,1912
1299,1912
2057,1912
541,627
1300,627
2058,627
542,1115
1301,1115
2059,1115
543,1913
1302,1913
2060,1913
544,1914
1303,1914
2061,1914
545,1737
1304,1737
2062,1737
546,1915
1305,1915
2063,1915
547,171
1306,171
2064,171
548,1916
1307,1916
2065,1916
549,1917
1308,1917
2066,1917
550,660
1309,660
2067,660
551,1918
1310,1918
2068,1918
552,1919
1311,1919
2069,1919
553,1920
1312,1920
2070,1920
554,1450
1313,1450
2071,1450
555,1921
1314,1921
2072,1921
556,706
1315,706
2073,706
557,22
1316,22
2074,22
558,538
1317,538
2075,538
559,845
1318,845
2076,845
560,497
1319,497
2077,497
561,1922
1320,1922
2078,1922
562,1923
1321,1923
2079,1923
563,1924
1322,1924
2080,1924
564,1925
1323,1925
2081,1925
565,1028
1324,1028
2082,1028
566,438
1325,438
2083,438
567,1926
1326,1926
2084,1926
568,1927
1327,1927
2085,1927
569,1928
1328,1928
2086,1928
570,1929
1329,1929
2087,1929
571,1551
1330,1551
2088,1551
572,1066
1331,1066
2089,1066
573,194
1332,194
2090,194
574,1930
1333,1930
2091,1930
575,926
1334,926
2092,926
576,1931
1335,1931
2093,1931
577,409
1336,409
2094,409
578,1932
1337,1932
2095,1932
579,1933
1338,1933
2096,1933
580,1934
1339,1934
2097,1934
581,845
1340,845
2098,845
582,689
1341,689
2099,689
583,1935
1342,1935
2100,1935
584,1936
1343,1936
2101,1936
585,1937
1344,1937
2102,1937
586,1938
1345,1938
2103,1938
587,899
1346,899
2104,899
588,104
1347,104
2105,104
589,812
1348,812
2106,812
590,11
1349,11
2107,11
591,538
1350,538
2108,538
592,1939
1351,1939
2109,1939
593,409
1352,409
2110,409
594,1940
1353,1940
2111,1940
595,1397
1354,1397
2112,1397
596,171
1355,171
2113,171
597,1941
1356,1941
2114,1941
598,1055
1357,1055
2115,1055
599,1942
1358,1942
2116,1942
600,396
1359,396
2117,396
601,1943
1360,1943
2118,1943
602,218
1361,218
2119,218
603,1944
1362,1944
2120,1944
604,1945
1363,1945
2121,1945
605,1946
1364,1946
2122,1946
606,1437
1365,1437
2123,1437
607,1947
1366,1947
2124,1947
608,907
1367,907
2125,907
609,576
1368,576
2126,576
610,1358
1369,1358
2127,1358
611,1948
1370,1948
2128,1948
612,1949
1371,1949
2129,1949
613,32
1372,32
2130,32
614,538
1373,538
2131,538
615,1594
1374,1594
2132,1594
616,22
1375,22
2133,22
617,5
1376,5
2134,5
618,396
1377,396
2135,396
619,504
1378,504
2136,504
620,1211
1379,1211
2137,1211
621,1950
1380,1950
2138,1950
622,363
1381,363
2139,363
623,570
1382,570
2140,570
624,1951
1383,1951
2141,1951
625,176
1384,176
2142,176
626,1055
1385,1055
2143,1055
627,1952
1386,1952
2144,1952
628,1953
1387,1953
2145,1953
629,68
1388,68
2146,68
630,1954
1389,1954
2147,1954
631,1955
1390,1955
2148,1955
632,1956
1391,1956
2149,1956
633,1505
1392,1505
2150,1505
634,1957
1393,1957
2151,1957
635,1236
1394,1236
2152,1236
636,1958
1395,1958
2153,1958
637,1959
1396,1959
2154,1959
638,1960
1397,1960
2155,1960
639,1231
1398,1231
2156,1231
640,1961
1399,1961
2157,1961
641,1962
1400,1962
2158,1962
642,1963
1401,1963
2159,1963
643,1964
1402,1964
2160,1964
644,1965
1403,1965
2161,1965
645,983
1404,983
2162,983
646,1966
1405,1966
2163,1966
647,244
1406,244
2164,244
648,1812
1407,1812
2165,1812
649,1967
1408,1967
2166,1967
650,1968
1409,1968
2167,1968
651,1969
1410,1969
2168,1969
652,8
1411,8
2169,8
653,1970
1412,1970
2170,1970
654,1971
1413,1971
2171,1971
655,943
1414,943
2172,943
656,1972
1415,1972
2173,1972
657,1732
1416,1732
2174,1732
658,1973
1417,1973
2175,1973
659,1974
1418,1974
2176,1974
660,1975
1419,1975
2177,1975
661,1976
1420,1976
2178,1976
662,1977
1421,1977
2179,1977
663,301
1422,301
2180,301
664,1629
1423,1629
2181,1629
665,1978
1424,1978
2182,1978
666,1979
1425,1979
2183,1979
667,1980
1426,1980
2184,1980
668,1981
1427,1981
2185,1981
669,1982
1428,1982
2186,1982
670,1483
1429,1483
2187,1483
671,1983
1430,1983
2188,1983
672,1984
1431,1984
2189,1984
673,650
1432,650
2190,650
674,273
1433,273
2191,273
675,1985
1434,1985
2192,1985
676,1117
1435,1117
2193,1117
677,1986
1436,1986
2194,1986
678,497
1437,497
2195,497
679,1987
1438,1987
2196,1987
680,1988
1439,1988
2197,1988
681,319
1440,319
2198,319
682,1989
1441,1989
2199,1989
683,566
1442,566
2200,566
684,1825
1443,1825
2201,1825
685,1990
1444,1990
2202,1990
686,941
1445,941
2203,941
687,1991
1446,1991
2204,1991
688,1992
1447,1992
2205,1992
689,1134
1448,1134
2206,1134
690,1993
1449,1993
2207,1993
691,1994
1450,1994
2208,1994
692,1995
1451,1995
2209,1995
693,1996
1452,1996
2210,1996
694,1997
1453,1997
2211,1997
695,885
1454,885
2212,885
696,1998
1455,1998
2213,1998
697,1999
1456,1999
2214,1999
698,129
1457,129
2215,129
699,2000
1458,2000
2216,2000
700,2001
1459,2001
2217,2001
701,2002
1460,2002
2218,2002
702,2003
1461,2003
2219,2003
703,2004
1462,2004
2220,2004
704,2005
1463,2005
2221,2005
705,2006
1464,2006
2222,2006
706,2007
1465,2007
2223,2007
707,2008
1466,2008
2224,2008
708,2009
1467,2009
2225,2009
709,2010
1468,2010
2226,2010
710,978
1469,978
2227,978
711,2011
1470,2011
2228,2011
712,1034
1471,1034
2229,1034
713,436
1472,436
2230,436
714,2012
1473,2012
2231,2012
715,2013
1474,2013
2232,2013
716,2014
1475,2014
2233,2014
717,1553
1476,1553
2234,1553
718,119
1477,119
2235,119
719,2015
1478,2015
2236,2015
720,2016
1479,2016
2237,2016
721,2017
1480,2017
2238,2017
722,2018
1481,2018
2239,2018
723,2019
1482,2019
2240,2019
724,2020
1483,2020
2241,2020
725,2021
1484,2021
2242,2021
726,2022
1485,2022
2243,2022
727,2023
1486,2023
2244,2023
728,769
1487,769
2245,769
729,986
1488,986
2246,986
730,2024
1489,2024
2247,2024
731,1061
1490,1061
2248,1061
732,480
1491,480
2249,480
733,2025
1492,2025
2250,2025
734,2026
1493,2026
2251,2026
735,2027
1494,2027
2252,2027
736,8
1495,8
2253,8
737,174
1496,174
2254,174
738,357
1497,357
2255,357
739,1448
1498,1448
2256,1448
740,319
1499,319
2257,319
741,2028
1500,2028
2258,2028
742,2029
1501,2029
2259,2029
743,1424
1502,1424
2260,1424
744,2030
1503,2030
2261,2030
745,2031
1504,2031
2262,2031
746,2032
1505,2032
2263,2032
747,2033
1506,2033
2264,2033
748,2034
1507,2034
2265,2034
749,2035
1508,2035
2266,2035
750,2036
1509,2036
2267,2036
751,2037
1510,2037
2268,2037
752,2038
1511,2038
2269,2038
753,2039
1512,2039
2270,2039
754,2040
1513,2040
2271,2040
756,290
1515,290
2272,290
757,500
1516,500
2273,500
758,2041
1517,2041
2274,2041
759,2042
1518,2042
2275,2042
